ssn,StaLat,StaLon,Nrec,N0,Tn,Tn_new,p_sta,p_star_new,T0,p0,STAID,SiteClass,siteCL_new,SiteClass2,T0_01s,T0_02s,T0_022s,T0_025s,T0_029s,T0_03s,T0_032s,T0_035s,T0_036s,T0_04s,T0_042s,T0_044s,T0_045s,T0_046s,T0_048s,T0_05s,T0_055s,T0_06s,T0_065s,T0_067s,T0_07s,T0_075s,T0_08s,T0_085s,T0_09s,T0_095s,T0_1s,T0_11s,T0_12s,T0_13s,T0_133s,T0_14s,T0_15s,T0_16s,T0_17s,T0_18s,T0_19s,T0_2s,T0_22s,T0_24s,T0_25s,T0_26s,T0_28s,T0_29s,T0_3s,T0_32s,T0_34s,T0_35s,T0_36s,T0_38s,T0_4s,T0_42s,T0_44s,T0_45s,T0_46s,T0_48s,T0_5s,T0_55s,T0_6s,T0_65s,T0_667s,T0_7s,T0_75s,T0_8s,T0_85s,T0_9s,T0_95s,T1s,T1_1s,T1_2s,T1_3s,T1_4s,T1_5s,T1_6s,T1_7s,T1_8s,T1_9s,T2s
1,21.885,105.772,13,13,0.17,0.17,2.121645344,2.137239743,0.042,1.548766579,BCVB,2,2,2,1.524058498,1.502574311,1.512632963,1.503176037,1.492913324,1.485940067,1.471638779,1.444699049,1.449830615,1.518486842,1.548766579,1.516166914,1.495660822,1.483455817,1.44946048,1.423300163,1.384971453,1.224849141,1.298841653,1.329998918,1.338527614,1.270647722,1.261155422,1.253998223,1.348157336,1.357425485,1.403836319,1.487889355,1.562338724,1.699795828,1.778256561,1.920734382,2.043532585,2.112558153,2.121645344,1.937429121,1.82103884,1.845703119,1.684521945,1.498727708,1.588298605,1.568016532,1.510040351,1.438432013,1.329975519,1.175289952,1.178588656,1.157413631,1.133669769,1.178302989,1.17354779,1.192333872,1.190575336,1.200681473,1.181947649,1.152468831,1.258864693,1.31553145,1.272807837,1.22855515,1.259059304,1.261186283,1.313134943,1.36049396,1.26367616,1.230121088,1.171628621,1.185211679,1.190027333,1.181753928,1.135515745,1.269189691,1.322038188,1.317894372,1.312353024,1.383965995,1.40571394,1.371121576
2,21.29,106.228,9,7,0.22,0.22,2.757450812,3.367316276,0.55,1.53436097,BGVB,3,3,3,1.371084818,1.352807881,1.355031734,1.363680191,1.365940821,1.37006737,1.376147078,1.389924465,1.402319233,1.369616796,1.329317707,1.30334201,1.289006983,1.283983491,1.260783717,1.237131509,1.178894117,1.145648343,1.117738843,1.090764298,1.11449005,1.1420941,1.144641164,1.139294036,1.11761656,1.187311027,1.195459796,1.225082809,1.641631927,1.821769031,1.74868156,1.70024864,2.103372825,2.064597583,2.040070087,2.362016799,2.594392441,2.493665485,2.757450812,2.30655548,2.113642965,2.084606661,1.942625141,1.920645792,1.949911642,1.910566286,1.929218916,2.002203728,2.021635723,1.959855613,1.772878801,1.614552183,1.596997831,1.620869649,1.619782971,1.585828571,1.526159016,1.53436097,1.379521971,1.375051143,1.407840864,1.458002508,1.40468421,1.253272251,1.297384787,1.238987206,1.271129292,1.291211912,1.259936769,1.297835021,1.305526398,1.281146587,1.245117864,1.221540302,1.249853115,1.149960371,1.236728631,1.216727256
3,22.15000833,105.856,12,12,0.14,0.14,2.910181401,2.938366071,0.035,2.101856285,BKVB,2,2,2,1.991827014,2.021734243,2.035247742,2.008399007,1.983707426,1.995199318,2.020955607,2.101856285,2.085631598,2.066344056,1.996032317,1.918540398,1.87685205,1.852244806,1.812307735,1.793893118,1.817696454,1.793514126,1.628942701,1.543227337,1.486165034,1.507040008,1.493053163,1.61585364,1.725408968,1.938310871,1.979889451,2.388627985,2.838906449,2.877592284,2.900770929,2.910181401,2.610148992,2.461873605,2.312514661,2.182191848,2.177950813,2.221398818,2.143524998,1.84458924,1.628672022,1.532329604,1.383323934,1.360473327,1.349364256,1.416645565,1.5456812,1.546399663,1.540986102,1.509709372,1.544642119,1.676449225,1.579418367,1.498674206,1.404207385,1.321248078,1.446896196,1.611840047,1.342104289,1.31548315,1.352131698,1.303742859,1.154093399,1.058440468,1.00047867,0.921610374,1.016671711,1.123428802,1.278644965,1.299685924,1.409745794,1.513619077,1.534418177,1.594441055,1.610427258,1.431878107,1.283205061,1.191810174
4,22.65991875,106.271,16,16,0.6,3,1.458138105,1.53445755,0.08,1.372463847,CBVB,1,1.02,1,1.125468785,1.138775044,1.125167964,1.121083845,1.106030763,1.107651046,1.118499032,1.111192777,1.117016915,1.157243447,1.157879009,1.168198677,1.177445997,1.169507263,1.165030645,1.15671331,1.178079299,1.179727587,1.172662606,1.184781072,1.227830418,1.296245735,1.372463847,1.342510439,1.339628005,1.312179918,1.294604938,1.352713683,1.321259567,1.275131231,1.242590134,1.18277764,1.128131647,1.089290095,1.033647023,0.994769795,1.036430047,1.054270033,1.084175507,1.17058612,1.198100073,1.205916775,1.152013848,1.181564141,1.233537748,1.245003584,1.34242757,1.37647184,1.400547279,1.389232713,1.390306996,1.364538206,1.315024985,1.287813585,1.297803646,1.412460422,1.436157835,1.343068531,1.458138105,1.429835264,1.404823755,1.308491979,1.173518925,1.075571219,1.134215534,1.155631649,1.081224157,0.985715004,0.901877919,0.926000896,0.975528915,1.014091931,1.170436237,1.24523517,1.263450071,1.245889903,1.27804806,1.26976222
5,19.0525,104.8671176,17,17,1.1,1.1,1.346278961,1.39790589,1.8,1.22077607,CCVB,1,1.02,1,0.951295811,0.950763909,0.968489156,0.968296623,0.999296974,1.011237609,1.023663252,0.985317942,0.98129435,0.975227476,0.964762556,0.958952473,0.959347341,0.963703141,0.970228537,0.964660403,0.950796952,0.921415073,0.921828674,0.911117299,0.881635665,0.839146392,0.881484494,0.931103836,0.971663936,1.054079792,1.10499244,1.082892571,1.013783878,0.881864748,0.863461975,0.898565217,0.995225481,1.097063169,1.112104162,1.069514845,1.052184738,0.944999589,0.890025943,0.856130915,0.854756284,0.846332817,0.940005787,0.958356127,0.94444433,0.969558423,0.97558592,0.978232231,0.978955422,0.968321118,1.006800637,0.998797325,1.022863697,1.069246152,1.083167335,1.065943176,1.028908982,1.030923728,1.085049878,1.182244093,1.178823216,1.20162499,1.235061319,1.254046851,1.252092341,1.168967054,1.191857366,1.252444446,1.346278961,1.2739167,1.262310671,1.338915874,1.167874798,1.028424388,1.161062665,1.22077607,1.190603984,1.174819515
6,21.39,103.018,32,24,0.6,0.667,2.353368982,2.296416062,1.4,1.805949783,DBVB,4,4,5,1.621829905,1.611955613,1.611441363,1.60410934,1.581200486,1.573064512,1.562308597,1.552218057,1.565008442,1.555705396,1.566675476,1.56647764,1.584089453,1.602601336,1.626192972,1.62656455,1.621364592,1.614234356,1.614359919,1.589735856,1.557985446,1.551903535,1.501727898,1.476757041,1.512196741,1.56166334,1.5550587,1.657130051,1.610827533,1.644353597,1.634733057,1.580465166,1.511200907,1.520776494,1.511949636,1.541872016,1.598638115,1.638295339,1.794220541,1.946670809,1.922693121,1.865154971,1.888671739,1.923749802,1.959794287,1.961971857,1.94246265,1.902418771,1.871764104,1.90578797,1.999175299,2.022278327,2.035104234,2.065172862,2.093861817,2.141696528,2.179892902,2.249936755,2.353368982,2.340845278,2.31826038,2.182706094,1.99613579,1.634231528,1.41790371,1.401909086,1.288568836,1.295753987,1.448605798,1.632015066,1.732411769,1.805949783,1.651578514,1.618989375,1.647853612,1.62378507,1.617880052,1.590134828
7,21.627,105.184,9,9,0.095,0.09,2.927917228,2.939351163,0.01,2.316743696,DHVB,2,2,2,2.316743696,2.261147922,2.237400937,2.194558699,2.082443143,2.039734131,1.928942255,1.730189911,1.75321003,1.922592346,2.042718138,2.150829765,2.198615306,2.169150184,2.06585238,1.953726587,2.172640405,2.15907931,2.173215956,2.387858095,2.616401188,2.875291691,2.869943877,2.716050272,2.900165801,2.927917228,2.815624893,2.803450356,2.646536148,2.51062252,2.505476291,2.389028213,2.33927442,2.268134569,2.086452131,2.1424981,2.121789664,2.183911977,2.07784617,1.778028982,1.769908486,1.768687559,1.680445666,1.654800464,1.551182637,1.31997468,1.292804845,1.371676543,1.407663904,1.441161006,1.472681074,1.440762672,1.471394401,1.514263779,1.533203292,1.482216855,1.491378166,1.229745718,1.189101796,1.241805177,1.219679962,1.204132033,1.228483124,1.268773908,1.283898642,1.234375645,1.254012858,1.281804026,1.282130075,1.268851051,1.344400038,1.481504571,1.552712222,1.587541605,1.457056176,1.393277386,1.378942577,1.373320106
8,20.84203833,105.328,60,54,0.32,0.32,5.458828389,5.049968424,0.55,1.877787119,HBVB,3,3,3,1.567165912,1.572658042,1.567817337,1.560878926,1.553095891,1.548101406,1.534755916,1.525989032,1.521088217,1.501843363,1.505790868,1.510937839,1.521425963,1.52080597,1.500321947,1.472085223,1.409449897,1.336652935,1.336026015,1.325889221,1.347627113,1.456093407,1.49900228,1.455713989,1.440554179,1.387199756,1.374122875,1.273059175,1.294805363,1.327906174,1.327535905,1.31744668,1.282562133,1.239875267,1.173085204,1.083344193,0.948323821,0.901594878,1.109181452,1.675389081,2.117858574,2.627378553,3.597498148,4.118975692,4.712777661,5.458828389,5.323775688,5.04502704,4.587612828,3.621366411,3.120640332,2.813039641,2.59689206,2.538601351,2.483688121,2.32176366,2.152102866,1.877787119,1.861211502,1.759505668,1.731463471,1.689772844,1.613955586,1.635935233,1.593526899,1.555818215,1.609382853,1.699969544,1.793746955,1.716523894,1.659558026,1.668602154,1.614181121,1.544131552,1.439015824,1.410149304,1.447902414,1.466451491
9,22.8168,104.989,11,11,0.9,0.9,2.055888574,1.956934661,1.5,1.582065825,HGVB,5,1.02,5,1.236829471,1.196045205,1.222039267,1.220601396,1.21246282,1.204019644,1.207193232,1.213833246,1.222147681,1.20186622,1.183261626,1.199022781,1.207740371,1.211315528,1.209056479,1.216503965,1.224416832,1.223889694,1.227952752,1.248410183,1.263194771,1.273999839,1.258434399,1.185943763,1.169317519,1.20760306,1.243459646,1.261252654,1.194291018,1.107546256,1.097653396,1.086220513,1.173341666,1.241091732,1.299860805,1.358938492,1.326672684,1.260232857,1.088457573,1.040503603,1.0768743,1.139483319,1.298720542,1.335162243,1.326879645,1.273062799,1.169883114,1.094229848,1.040164473,0.947512898,0.864270644,0.837205042,0.823768846,0.854362847,0.886852005,0.991259749,0.948242813,0.896622099,0.863042144,0.89068067,0.957408744,1.085272394,1.190991434,1.528939302,2.028765968,2.055888574,1.747173513,1.509247287,1.580621563,1.318135251,1.154987572,1.365970618,1.582065825,1.506484809,1.376852634,1.355643757,1.281039459,1.0957172
10,16.415,107.569,1,1,0.26,0.26,2.487389491,1.71951677,0.45,1.911238266,HUVB,3,1.02,3,1.755450242,1.703884608,1.699880547,1.699017571,1.661079698,1.644773373,1.675471699,1.501254774,1.425995012,1.321807136,1.380108668,1.512974985,1.568135627,1.587369997,1.805826154,1.64159966,1.731250926,1.830088326,2.337550795,2.061759538,1.777355274,2.181140062,1.907681068,1.802854504,1.950411262,1.676940518,1.968101374,2.122107877,1.566307669,1.71634108,1.549133282,1.634672019,1.624243924,1.803012353,1.526356585,1.62769585,1.697312095,1.750302179,1.908273358,2.073380814,2.431663334,2.487389491,1.742295069,1.77648021,1.674487972,1.5171678,1.433727481,1.374797149,1.312391738,1.353198096,1.419526941,1.635337893,1.87773753,1.911238266,1.639169293,1.344983694,1.248483651,1.535108934,1.798661709,1.330442289,1.316847306,1.069548081,0.751261053,0.891477849,0.930227757,0.943737416,0.990603303,0.952808683,0.935206805,0.878643946,0.70323236,0.775278119,0.782911356,0.707521775,0.61179496,0.579732367,0.537488251,0.657089855
11,22.039,103.155,3,3,0.55,0.08,1.798317186,2.100639795,0.3,1.742786902,LCVB,1,2,1,1.466150213,1.46869852,1.473197013,1.484831364,1.511386759,1.511718243,1.499536177,1.589635403,1.666101498,1.571171977,1.525696812,1.524965152,1.5295186,1.529975186,1.526869369,1.545638112,1.549752211,1.533850911,1.677102529,1.665675676,1.627815216,1.591417327,1.660880814,1.535395877,1.274554279,1.170275455,1.165147778,1.437038887,1.466904885,1.401237335,1.336840745,1.208970013,1.134317016,1.041579004,1.056119089,1.110153078,1.143316177,1.201104481,1.250133468,1.280711853,1.221863285,1.33877773,1.582252033,1.731034892,1.742786902,1.60536048,1.429801692,1.319371432,1.278045194,1.416549102,1.686408702,1.587657619,1.30239023,1.277944403,1.24518674,1.233681571,1.36396563,1.798317186,1.589717239,1.536706705,1.598601668,1.47965703,1.172575536,1.087964046,1.053883471,1.174618562,1.111815555,1.132491848,1.10660481,1.20799628,1.398655803,1.49324821,1.461398856,1.328666996,1.276041451,1.301652059,1.408316462,1.513189197
12,21.85281667,106.749,18,18,0.067,0.067,1.369818754,1.469807376,0.22,1.230913203,LSVB,1,1.01,1,1.102432463,1.092122455,1.087628798,1.094889432,1.118203733,1.10746508,1.104864011,1.084494301,1.077144601,1.089424166,1.103558728,1.11824834,1.132909128,1.151080589,1.159238466,1.155604314,1.227643863,1.297767526,1.336212567,1.369818754,1.324733072,1.317336883,1.30169969,1.244288355,1.258230375,1.261069794,1.259058011,1.294833036,1.200426116,1.117713577,1.107270264,1.073824446,1.05850703,1.08712182,1.044288068,1.067350043,1.137330413,1.172490774,1.230913203,1.192501288,1.154195851,1.108533433,1.077524463,1.044627643,1.029148221,0.988747686,1.103759778,1.16405579,1.157012061,1.122426198,1.099683094,1.106095533,1.137373528,1.177329143,1.206253783,1.225214798,1.215479451,1.048975036,1.040673758,0.94107453,0.885912817,0.78676665,0.694957211,0.73071194,0.812895919,0.89784776,0.94313835,0.964465716,1.002299408,1.121103814,1.176326249,1.064975919,1.017903483,1.051789988,1.174299243,1.167775794,1.195038745,1.174710925
13,20.83362258,104.6564839,31,31,0.22,0.22,1.775032981,1.906964002,2,1.739781169,MCVB,1,1.02,5,1.525555928,1.508754624,1.502433321,1.503319594,1.488505086,1.490019254,1.492346816,1.4811442,1.462765514,1.409573097,1.384715904,1.356989864,1.339516596,1.31680081,1.31761173,1.321469433,1.292599967,1.368770909,1.446599076,1.434109507,1.40574372,1.37013986,1.304476402,1.200687134,1.209824727,1.306208222,1.334845162,1.33711066,1.320592464,1.2753184,1.303008454,1.34527034,1.456249653,1.559433419,1.641785265,1.664468862,1.664038677,1.68160988,1.775032981,1.720166871,1.692899114,1.66257208,1.580655515,1.608135931,1.592265788,1.552630985,1.541671803,1.558447366,1.541896948,1.525918055,1.503657052,1.476753462,1.462192048,1.45011693,1.442740636,1.421144183,1.428352369,1.457712463,1.521991128,1.559758562,1.583478163,1.547312778,1.586249699,1.592184794,1.642999611,1.631117418,1.555697131,1.530502473,1.598222067,1.654182191,1.582138518,1.607784694,1.579976776,1.598643017,1.63191495,1.652464225,1.700864265,1.739781169
14,22.042,103.154,55,33,0.18,0.16,1.975389435,1.765934225,0.01,1.528814518,MLAV,1,1.01,1,1.528814518,1.527304125,1.526991533,1.521626357,1.491729083,1.493840589,1.507757794,1.49206585,1.496066831,1.467961538,1.47291167,1.46972597,1.472194818,1.478706457,1.48299336,1.496755681,1.420783229,1.297989636,1.150740265,1.129724688,1.158130434,1.142395514,1.150524742,1.232551961,1.255909619,1.352940833,1.457039096,1.448537142,1.527129296,1.622574297,1.681704093,1.801506223,1.878157181,1.951549944,1.932908379,1.975389435,1.896988297,1.80744022,1.802634352,1.796424689,1.811579222,1.848960072,1.760701558,1.74715791,1.738887621,1.740191514,1.695277298,1.668151621,1.654931977,1.578749891,1.464581506,1.379276311,1.315700325,1.302330177,1.313209397,1.37973007,1.398533128,1.427300407,1.389154378,1.276196295,1.274536058,1.240023127,1.28235452,1.377717151,1.518073405,1.482063334,1.347119668,1.355209131,1.45223581,1.453204817,1.366243622,1.313669044,1.301337355,1.354074156,1.359873492,1.324623691,1.402900244,1.460595184
15,22.04190952,103.154,21,21,0.26,0.26,1.597946985,1.697718267,2,1.530771732,MLVB,1,1.02,5,1.125502866,1.086574191,1.0824397,1.068047939,1.022529583,1.003640588,1.010685206,0.994880952,0.985352572,0.966016254,0.95827539,0.954762932,0.956806902,0.958010245,0.960889979,0.950082285,0.997976844,1.007921534,0.973715084,0.96349181,0.956441029,0.96733855,0.963615105,0.998450315,1.033128195,1.089353732,1.121018711,1.122447316,1.25533946,1.385786885,1.393507076,1.407755116,1.412353561,1.415599447,1.407619917,1.35999214,1.373460274,1.372908209,1.421840488,1.481217558,1.518335452,1.597946985,1.57720226,1.465431092,1.424025821,1.391036221,1.396371791,1.411061288,1.420365329,1.36814737,1.237522139,1.163056796,1.170822343,1.208146649,1.2107239,1.220072022,1.262323501,1.253843674,1.027968232,0.932727576,0.912005095,0.888462157,0.947194716,1.039835272,0.997414072,0.885235608,0.882030049,0.927214408,1.07216354,1.144098576,1.100556461,1.101909056,1.18155235,1.222133736,1.290068819,1.350220263,1.40970063,1.530771732
16,22.4857,102.618,6,6,0.042,0.17,2.013791322,1.583581289,0.55,1.924539954,MTE2,2,1.01,2,1.318474608,1.408625333,1.396232121,1.425682457,1.452926652,1.453459556,1.534341233,1.562699765,1.644827366,1.971050368,2.013791322,1.916342758,1.82055717,1.753344663,1.670652233,1.68249869,1.661021637,1.520628745,1.542810891,1.427224253,1.345900899,1.493143,1.573510583,1.551938727,1.481066211,1.409853916,1.494021199,1.513388959,1.6397231,1.783914083,1.827631769,1.868250378,1.84909285,1.840925684,1.88419871,1.809790507,1.685610431,1.720839147,1.746909368,1.805167297,1.875425516,1.79270039,1.628557758,1.678417825,1.723251749,1.552389251,1.538132953,1.599958061,1.700271069,1.815791313,1.843189103,1.775366382,1.656001326,1.662629551,1.679005952,1.769638052,1.807998044,1.924539954,1.516315235,1.300919162,1.198974187,1.137481694,1.314245756,1.254439373,1.304774464,1.381678359,1.261736005,1.258210803,1.28391949,1.300296281,1.452863183,1.38131564,1.265299512,1.175994433,1.113095075,1.090740453,1.152390393,1.181996564
17,21.537,106.343,9,9,0.14,0.14,3.08778357,2.655275422,0.032,2.051700917,MTVB,2,2,2,1.988987303,1.930588091,1.951963376,1.93972864,2.009416384,2.030839929,2.051700917,1.948277224,1.952161521,2.034846074,1.938055638,1.922068288,1.953883822,1.976226723,1.935379711,1.860748103,1.647565824,1.437038682,1.225329443,1.197833235,1.209328395,1.210267913,1.397378274,1.607130634,1.775289138,1.823812592,2.007282459,2.481829744,2.865876111,3.01193483,3.06934741,3.08778357,2.852219204,2.98182649,2.914308436,2.832568104,2.77028447,2.685106175,2.531310305,2.441611959,2.473259917,2.539518043,2.317388463,2.18821051,2.106637746,2.016440187,1.950334017,1.942822391,2.011247449,1.957485235,1.907214438,1.745259276,1.770529724,1.84163298,1.926315281,1.979150239,1.931358808,1.772862416,1.692617966,1.544555161,1.568140788,1.554858847,1.671211597,1.737400504,1.71524773,1.629530408,1.526690886,1.530297931,1.482192893,1.455517609,1.380107725,1.321088412,1.307336203,1.284646932,1.450774862,1.393845476,1.323676566,1.281642217
18,20.805,106.628,9,9,0.12,0.09,1.48349277,1.410876816,0.55,1.244041694,PLVB,1,1.01,1,1.266896317,1.273856062,1.27608603,1.282340345,1.308095663,1.310962691,1.310958452,1.292684451,1.284795684,1.306766556,1.29061026,1.254333651,1.235265761,1.216793335,1.224933355,1.24041834,1.287892542,1.327642983,1.283707742,1.263304736,1.225314662,1.254691847,1.343511575,1.417622087,1.420612473,1.351933895,1.373094265,1.394570401,1.48349277,1.447040781,1.437879964,1.432236372,1.310396615,1.268742379,1.169289691,1.135500696,1.073869893,1.069522567,1.118452805,1.22922477,1.212538215,1.204746229,1.192979867,1.227742826,1.238279381,1.230098768,1.136989509,1.094414717,1.069723029,1.065550138,0.999528296,0.969532815,0.981115446,0.993182646,1.014268726,1.048801199,1.173032531,1.244041694,1.230285911,1.093583663,1.030648936,1.063086271,1.061977055,1.004645498,1.050751968,1.074579335,1.051650189,1.042955894,1.010550063,0.975352251,0.986266997,0.956337987,0.941203361,0.96823573,0.974583683,0.995008878,1.019090707,0.980978806
19,21.333275,103.9051667,12,12,2,0.95,1.319045979,1.276343917,0.95,1.271498766,SLV,1,1.02,1,0.856099342,0.854275388,0.855304371,0.855590974,0.851213404,0.851412087,0.860064333,0.857522177,0.854804293,0.858359053,0.854862531,0.854758105,0.858608677,0.863631166,0.864189704,0.862507065,0.878993718,0.907249204,0.89678098,0.906750774,0.928585357,0.976831637,0.967246269,0.954940114,0.963831279,0.95418556,0.967429637,1.028695024,1.025423124,1.067632938,1.050124392,1.019275084,0.927358748,0.927666449,0.926097367,0.887874828,0.867577216,0.813674868,0.826046974,0.828345432,0.868976633,0.863956013,0.807234367,0.840619662,0.831071846,0.820419884,0.80723361,0.791578337,0.765086121,0.725980357,0.674693169,0.607910748,0.619746072,0.65046042,0.674641303,0.676497459,0.60419526,0.562650608,0.571163095,0.591774705,0.594997146,0.595367024,0.629431991,0.66858476,0.807229502,1.073962913,1.271498766,1.21884012,0.902794826,0.783140917,0.906330857,0.969777186,0.827746662,0.750260158,0.824628287,1.012975989,1.231356683,1.319045979
20,21.33,103.965,16,16,0.17,0.17,1.56961039,1.698540288,0.28,1.378562709,SLVB,1,1.01,1,1.374336039,1.357299898,1.365675415,1.341734199,1.325947186,1.328126994,1.358400334,1.329989046,1.321626229,1.308780331,1.340339439,1.359211851,1.351260093,1.341426445,1.324520795,1.331536706,1.361248352,1.358961262,1.351046884,1.345765937,1.346459776,1.347045356,1.364496367,1.364196433,1.308264057,1.228918291,1.212727496,1.318694572,1.312815395,1.303895629,1.344060917,1.393332377,1.430359659,1.49004025,1.56961039,1.518609934,1.503017796,1.451273192,1.379994835,1.206119194,1.213743064,1.335049911,1.378562709,1.260911946,1.23759578,1.254954849,1.307163027,1.340511073,1.298402675,1.171791211,1.138379683,1.157985092,1.109993386,1.122857078,1.166106817,1.224569989,1.168500937,1.094305087,1.101215956,1.154536849,1.155694145,1.11597877,1.117789047,1.055723828,1.054439662,1.130160085,1.155878487,1.216266147,1.1384831,1.05397631,1.074962289,1.092780236,1.142115631,1.121280214,1.12395593,1.146284244,1.152581848,1.204848626
21,22.394,103.842,27,21,0.38,0.38,1.58115643,1.606690342,2,1.043938109,SPVB,1,1.02,1,0.833811157,0.841778631,0.84314726,0.847539556,0.865865351,0.880356218,0.911529491,0.916768659,0.919525317,0.900574352,0.887622562,0.894064538,0.891162613,0.884634512,0.869105441,0.858056884,0.846985565,0.864564925,0.836236892,0.826629292,0.820132889,0.804351914,0.823835783,0.827879962,0.821902637,0.779630439,0.75355257,0.731112558,0.717965371,0.674616899,0.66555605,0.632379256,0.672488678,0.671143606,0.702286659,0.75085287,0.749945301,0.745719066,0.75274835,0.617768663,0.611236597,0.620819285,0.75991088,0.926964789,1.115729127,1.345315621,1.524441035,1.580430367,1.580495438,1.58115643,1.470615159,1.421028613,1.500986415,1.510552878,1.519507473,1.506463267,1.506076083,1.387771001,1.284182118,1.288121814,1.269156379,1.221889138,1.195594124,1.113043518,1.070874259,1.072178272,1.102639923,1.184181072,1.16053602,1.132482657,1.092267683,1.064711892,1.020436602,0.995267947,0.93415378,0.924764491,1.007861271,1.043938109
22,21.592,103.418,93,78,0.18,0.2,1.600626366,1.676697658,0.055,1.297081213,TGVB,1,1.02,1,1.265324553,1.268718653,1.265048361,1.260526152,1.252608015,1.24891632,1.254519862,1.256751144,1.256461866,1.248228392,1.248896903,1.265480206,1.273277749,1.275692691,1.280934556,1.274781692,1.297081213,1.295110459,1.288259568,1.268543853,1.256445291,1.23188495,1.203492001,1.161244351,1.125566671,1.142626708,1.153301111,1.203632863,1.226281348,1.258294746,1.261475167,1.308555765,1.411044467,1.537162889,1.597685787,1.600626366,1.597302427,1.58035866,1.491687498,1.366087691,1.300240195,1.248460168,1.143714026,1.100889047,1.064563151,1.051466487,1.086828887,1.118680481,1.149970514,1.182306898,1.216999764,1.22861201,1.246375917,1.260563807,1.272953669,1.278461479,1.268299377,1.240112079,1.203928552,1.167725292,1.151163514,1.133733611,1.121945225,1.152589779,1.17295063,1.199081704,1.217582225,1.274521979,1.296056924,1.277343872,1.193455481,1.129812931,1.120614639,1.128226589,1.143244964,1.146157454,1.188341232,1.222717046
23,19.844815,105.784,20,20,0.9,0.075,1.325036905,1.415229297,1.3,1.306645871,THVB,1,1.01,1,1.170775351,1.172409904,1.162249545,1.163734512,1.171737818,1.175578903,1.19126133,1.202867311,1.197933217,1.200346767,1.201695423,1.199519105,1.200865279,1.203525051,1.211297682,1.214407123,1.234547844,1.259232874,1.241289396,1.242056231,1.229862918,1.253463883,1.234688944,1.213169006,1.215920136,1.246561818,1.276177923,1.236159187,1.20553921,1.213543463,1.197051729,1.139116983,1.065267759,1.025360886,1.038474951,1.076266577,1.164134731,1.089953793,0.99909396,1.031277973,1.055914229,1.071570298,1.112244567,1.151033044,1.184103001,1.16495392,1.109272463,1.08350668,1.081879839,1.05657471,1.015345803,0.97516836,1.012022471,1.027627885,1.028590974,1.063493373,1.114793994,1.296162515,1.250891207,1.215480272,1.212897314,1.078784101,1.0353091,1.094553335,1.21280673,1.325036905,1.213392993,1.092156759,1.043560387,1.259444242,1.306645871,1.233312446,1.079662958,1.036363709,1.005759301,1.156537801,1.236282049,1.224516071
24,21.335,107.389,2,2,0.133,0.13,3.779347563,2.471170689,0.055,1.814651918,TIYB,2,2,2,1.624792753,1.615821372,1.606529137,1.584046129,1.555662223,1.547030334,1.497413159,1.464268847,1.383267808,1.381572559,1.366323798,1.392863517,1.405893585,1.43161374,1.470866151,1.481293399,1.814651918,1.772607365,1.687102643,1.553847541,1.513628927,1.460209334,1.273145551,1.376990064,1.35193447,1.480939343,1.80639844,2.534459963,3.320085996,3.749921373,3.779347563,3.674152534,2.941497973,2.605387245,2.738790489,2.443433097,2.368821103,2.410295697,2.360941015,2.251763134,2.124466965,2.12613052,2.274900646,2.309650496,2.519896152,2.903700276,2.693285112,2.56655719,2.544834309,2.348787607,2.079738401,2.046695214,1.860668151,1.684520124,1.559438246,1.573941678,1.706441754,1.686335939,1.399422995,1.374419391,1.292923499,1.270888106,1.244863374,1.318806399,1.292919511,1.231215166,1.130923942,1.149641921,1.242270394,1.234264815,1.148901876,1.172160914,1.363498405,1.412718673,1.532637109,1.390549084,1.285643627,1.219980639
25,21.466,104.379,30,30,0.036,0.036,1.56313205,1.665096766,0.17,1.557424592,TTVB,1,1.01,1,1.40724515,1.412911579,1.415449195,1.438882506,1.482175258,1.501577992,1.534048519,1.552428333,1.56313205,1.496220661,1.484139975,1.480022714,1.456784415,1.438011999,1.420235437,1.392056489,1.358453295,1.298816955,1.294693342,1.292391536,1.320519713,1.332932994,1.362740524,1.375778355,1.339940804,1.297650147,1.329324483,1.405104954,1.417707248,1.354718052,1.345881631,1.360396661,1.383673487,1.48724362,1.557424592,1.49062746,1.391339335,1.269639171,1.246748916,1.240565424,1.224457277,1.188559259,1.204285376,1.215223418,1.219698042,1.250765755,1.229435535,1.210283857,1.20382773,1.192589852,1.23022108,1.261936239,1.263338751,1.261672977,1.240235296,1.216602767,1.225158834,1.295539225,1.410788378,1.441780886,1.445723932,1.449270099,1.497511024,1.489514497,1.368526888,1.25722291,1.274849418,1.303534466,1.288571141,1.182701825,1.169981011,1.162152413,1.206271382,1.22832383,1.243944256,1.24560723,1.231602685,1.248623059
26,21.3348125,107.389,8,8,0.14,0.14,3.64267686,3.497249218,0.01,1.869379396,TYVB,2,2,2,1.869379396,1.649885195,1.690474825,1.696159028,1.605484218,1.567015723,1.49690426,1.496792445,1.502158365,1.416171477,1.457307658,1.518920115,1.533316676,1.53733001,1.5573341,1.627131765,1.768077345,1.807238823,1.611066104,1.528210632,1.468102233,1.505102803,1.393765099,1.564208463,1.655956551,1.814140561,2.066555423,2.552461703,2.740987969,3.131166358,3.300543696,3.64267686,3.521453765,3.554482398,3.134511862,2.913810761,2.886978157,3.163759994,2.683560799,2.274851923,2.072415735,1.93953593,1.821508669,1.737152099,1.664028766,1.525367694,1.496526825,1.553535107,1.591144522,1.472193753,1.402782851,1.416592514,1.378249614,1.364232337,1.342666929,1.273741366,1.188996659,1.078944927,1.027381839,0.917142707,0.91236769,0.922061078,0.860909595,0.861065623,0.792576033,0.701125224,0.571139173,0.537089837,0.712972319,0.847205199,0.970027516,1.113950726,1.081095634,1.072650473,1.043883623,0.947274553,0.931134937,0.914500308
27,21.57570833,104.594,12,12,0.48,0.22,1.995365051,2.001122596,0.22,1.97853964,VCVB,1,3,1,1.682241251,1.680957815,1.685401028,1.671084497,1.672468308,1.673843467,1.665261145,1.659803484,1.655748494,1.613047933,1.576561098,1.562365694,1.569225244,1.576613529,1.578610195,1.580149,1.621235365,1.682044003,1.647842445,1.604561599,1.579550166,1.563344889,1.576277997,1.647471666,1.655801856,1.69909246,1.738354961,1.792764849,1.946181527,1.92944299,1.936446139,1.887258466,1.834090598,1.837335197,1.707441884,1.640754699,1.730029405,1.750748009,1.97853964,1.744514392,1.597211202,1.517159418,1.607744215,1.722884312,1.77540382,1.82841173,1.924970334,1.940389638,1.983267376,1.890607392,1.902250749,1.944162077,1.953125781,1.938647856,1.927336813,1.995365051,1.899676063,1.917294981,1.82861396,1.64269635,1.518747379,1.353393609,1.364836189,1.392417616,1.518738682,1.357489691,1.26578101,1.190955403,1.032216851,1.045801664,1.074796535,1.162452634,1.253141184,1.245161598,1.181620522,1.106353171,1.180479653,1.227436471
28,16.65,105.697,4,3,1.2,0.5,1.992101828,2.123129319,0.2,1.49990242,VIVB,1,4,1,1.000585761,1.02156718,1.026664279,1.039240884,1.091692072,1.124232384,1.187929774,1.343602656,1.382350725,1.190235087,1.183494479,1.175402354,1.159565462,1.147183593,1.190076721,1.218470976,1.221277997,1.241068906,1.06415578,1.093132502,1.277353596,1.154066349,1.168991454,1.15781151,1.109552321,1.062854828,0.978884863,0.69891233,0.72112216,0.841780477,0.872687368,0.95140391,1.156832039,0.960215948,1.097764095,1.248665867,1.455874798,1.49990242,1.334065111,1.432807361,1.371453228,1.152445173,0.975652907,0.926251965,0.903587176,0.992172281,0.896894814,0.958439363,1.019239256,1.021006537,1.050990213,1.099498427,1.173948516,1.211791183,1.239665682,1.444969205,1.694995387,1.709598935,1.641515058,1.646399925,1.659911128,1.631709976,1.529143565,1.496740418,1.506031116,1.537498377,1.466973537,1.372695438,1.796633763,1.992101828,1.806390497,1.808118806,1.748210508,1.652640948,1.542664901,1.452112785,1.297646171,1.202708703
29,22.565,102.515,10,4,0.32,0.4,3.390025009,3.494672064,0.04,3.053119055,VN01,3,3,3,2.179276647,2.181093636,2.179914329,2.212202289,2.414541189,2.466239942,2.657660082,3.00130922,2.965284075,3.053119055,2.973004565,2.894367659,2.71464274,2.528296019,2.290891793,1.985542291,2.079248251,2.064838247,1.743336742,1.696327262,1.709291148,1.685715291,1.710794408,1.753764378,1.629901897,1.733318507,1.734234833,1.689229282,1.896699622,1.777342957,1.761791811,1.941738085,1.994623213,2.041752211,2.092662421,2.11324583,2.259946912,2.307324055,2.355230599,2.143298049,2.180066137,2.208315156,2.516477519,2.713747709,3.019688855,3.390025009,3.335561855,3.27984914,3.33172382,3.060202298,2.68712689,2.487115299,2.497842662,2.523720275,2.59989301,2.777151677,2.576199745,2.138668206,2.22000206,1.997285743,1.959571774,1.899702815,1.805132931,1.640487043,1.704649062,1.823663861,1.905993141,1.69132476,1.459417175,1.444820824,1.508301406,1.577069467,1.620423872,1.654666544,1.739334718,1.772027846,1.771132195,1.764589859
30,22.379,102.824,6,6,0.14,0.14,2.039107281,2.657490842,0.036,1.663637837,VN02,2,2,2,1.566663975,1.60325743,1.578793542,1.564990478,1.599558424,1.59271288,1.56929951,1.646727182,1.663637837,1.632988069,1.558417837,1.50939496,1.451966889,1.446382475,1.491536361,1.525236637,1.535067662,1.577264056,1.497935668,1.531349523,1.657670945,1.693355188,1.729532033,1.666993518,1.625081462,1.634581221,1.721811715,1.714553147,1.672340738,1.851249936,1.910837326,2.039107281,1.94886938,1.992847622,1.889767418,1.872705499,1.928421515,1.935718672,1.730801195,1.71547034,1.764854924,1.748682932,1.700312961,1.695758048,1.681403894,1.565644498,1.587437165,1.555491517,1.549279791,1.535382156,1.496914942,1.52817735,1.496396396,1.437865184,1.455865179,1.461709807,1.475517328,1.475317979,1.464926425,1.477974169,1.438210572,1.351106928,1.306212053,1.288001711,1.26797037,1.353096921,1.402133074,1.375387297,1.363492596,1.439483395,1.418375008,1.400037657,1.365348302,1.336466615,1.211762375,1.212557221,1.250772364,1.264146806
31,22.393,102.954,13,8,0.55,0.55,1.556442271,3.170610957,0.11,1.128266049,VN03,1,4,1,0.93327057,0.938806402,0.935317828,0.931257805,0.933118082,0.928741824,0.906046343,0.839624158,0.810228196,0.703125863,0.741710945,0.814481803,0.858069495,0.881097646,0.875181646,0.870089689,0.899867902,0.829537761,0.866327114,0.890110328,0.849441195,0.842460682,0.931214961,0.946481742,0.968781488,0.983814501,1.096510848,1.128266049,0.990968998,0.97069327,0.944277086,1.024665526,0.986125037,0.932079579,0.998070657,1.097033128,1.046672108,0.968720587,0.999821346,1.099997878,1.153990024,1.166747088,1.110245221,1.101771058,1.056263941,1.060558317,1.170319846,1.190759188,1.17510866,1.170005182,1.12865092,1.110533077,1.111766983,1.09236843,1.083181752,1.141620443,1.297985162,1.556442271,1.415388497,1.340294998,1.282241449,1.288982432,1.311699662,1.26617363,1.273923266,1.211978265,1.277191618,1.297596922,1.310464291,1.30070524,1.221483943,1.104688743,1.037863042,1.026286394,1.054800894,1.068140095,1.032378795,0.994832186
32,22.358,103.495,12,12,0.55,0.095,3.397682824,2.779836728,0.55,3.397682824,VN04,4,2,4,1.971294413,1.971831604,1.988083631,2.025198113,2.183470771,2.264750144,2.347586306,2.199063315,2.143185262,2.155457005,2.252497405,2.367513542,2.358546614,2.352505192,2.271601494,2.195643931,2.137623461,2.101755267,2.125432055,2.159436723,2.290819625,2.342093192,2.33879807,2.509757382,2.98250298,3.397682824,3.309200611,2.932917421,2.179348941,1.850026917,1.849929841,1.885559144,1.953735464,1.765471011,1.711419118,1.626013441,1.454065879,1.496547438,1.433981951,1.431946468,1.477741173,1.473521472,1.383442247,1.312485691,1.270585127,1.380017792,1.456556292,1.454570001,1.437319166,1.492845552,1.591291748,1.538869741,1.561433372,1.539386864,1.543865066,1.572202197,1.545866105,1.291898931,1.304021347,1.401512742,1.414423606,1.380473367,1.379702593,1.388318879,1.376083041,1.396055809,1.333854912,1.381119587,1.523307637,1.54884679,1.545801912,1.384582194,1.317384567,1.369885599,1.43431371,1.468615747,1.414955231,1.385683542
33,22.292,102.834,1,1,0.036,0.2,1.862353443,1.793302988,1.8,1.669774119,VN05,1,1.02,5,1.00114362,1.017338413,1.017616038,1.020098997,1.016862866,0.990399245,0.973355366,1.566146554,1.862353443,1.389994135,1.093328545,1.106020132,1.121911026,1.150912594,1.217561769,1.206575145,1.174029792,1.356465435,1.040436553,0.986275301,1.077057125,1.018785435,1.051771671,0.851358407,0.924053449,1.09020811,1.232827535,1.016709669,0.916986097,1.035625935,1.05020578,1.017953447,0.94661058,0.970602784,1.009027754,1.280804421,1.40416791,1.484261196,1.072414552,1.240729357,1.143253607,1.234284247,1.404876107,1.221545001,1.127137067,1.015661397,0.84297135,0.859125152,0.853838033,0.752867257,0.737161598,0.773375401,0.639801755,0.660432414,0.749874694,0.919246451,1.083766791,1.29236219,1.11811752,1.315180786,1.377634216,1.357827807,1.315650613,1.150299151,1.293705359,1.231635681,1.425312236,1.50472982,1.191224856,1.092845257,1.152206864,1.396963899,1.472687747,1.313580965,1.530669454,1.669774119,1.30508521,1.371400987
34,22.136,103.162,7,7,0.75,0.7,2.557506708,2.368934252,0.35,1.552545924,VN07,4,4,4,1.241684079,1.257422146,1.263991094,1.275929541,1.294386194,1.298439569,1.340997177,1.367997682,1.392717068,1.435963275,1.457354461,1.460426827,1.462167726,1.437718043,1.432903961,1.398562019,1.25944187,1.25962902,1.305694328,1.311466398,1.252224962,1.215521677,1.238718448,1.252432752,1.247100083,1.149822876,1.065383795,1.114811281,1.226762818,1.149633351,1.17526632,1.183965643,1.001426494,1.015950425,1.080280519,1.068237577,1.112575908,1.193250968,1.349263731,1.462722941,1.423010611,1.400615781,1.253494023,1.279675163,1.351928575,1.468885592,1.519175184,1.552545924,1.532746636,1.425319836,1.395898917,1.532217889,1.633881659,1.711953497,1.79051044,1.813365787,1.795353045,1.938402252,2.2857002,2.362305254,2.412325004,2.554366163,2.557506708,2.482893607,2.155669614,1.959215029,1.83017594,1.838941173,1.889854089,1.914855542,1.71435957,1.603950044,1.626780357,1.542740323,1.592089942,1.508050144,1.432378174,1.442049374
35,22.175,103.715,13,13,0.133,0.133,2.206539564,1.873548763,0.01,1.561671423,VN08,2,1.01,2,1.561671423,1.49958836,1.497504122,1.494452754,1.482571626,1.473639812,1.427228162,1.487743639,1.48609113,1.363304606,1.356588954,1.396228403,1.414121971,1.423509229,1.417924461,1.452583381,1.432894443,1.481304665,1.524007493,1.574189117,1.629197483,1.702569589,1.753174221,1.771937411,1.775225502,1.817737163,1.899356285,2.115656933,2.186849705,2.123251849,2.206539564,2.192347463,2.163089558,2.106995037,2.077764584,2.069560185,1.8872744,1.718932738,1.414479781,1.270928881,1.209002519,1.180906272,1.205218719,1.233517989,1.285702366,1.330104524,1.409462665,1.418808029,1.38101633,1.321780363,1.297147171,1.296277142,1.296342449,1.315800313,1.337817872,1.280634909,1.219339417,1.211890043,1.304933334,1.275501629,1.236243881,1.18705472,1.245312133,1.204574575,1.246720447,1.314113693,1.363589959,1.281235416,1.174099686,1.096665284,1.069430983,1.125652319,1.137863319,1.15606978,1.238723292,1.24683166,1.25381867,1.266664471
36,21.931,103.422,10,10,0.03,0.03,1.70032848,1.435532765,0.32,1.326208075,VN09,1,1.01,1,1.47630035,1.523651408,1.537160606,1.557827003,1.663172161,1.70032848,1.618113044,1.670679171,1.634244879,1.578960359,1.559828057,1.540593731,1.547781047,1.543190232,1.514275648,1.481985824,1.543051332,1.493453621,1.410842244,1.410650481,1.426898062,1.411183262,1.397858783,1.401099235,1.373286651,1.34309886,1.357814024,1.363365893,1.350141584,1.429615324,1.438564829,1.40218208,1.387266221,1.345883239,1.318026569,1.31426102,1.360347604,1.327446928,1.311905797,1.222215993,1.189352045,1.235774275,1.261233615,1.266418587,1.281224051,1.326208075,1.266774343,1.270271845,1.271184056,1.300259734,1.270522425,1.277265826,1.240842626,1.223607168,1.176883352,1.077444579,1.002874252,0.986446453,1.040548976,1.047328419,1.040972521,1.054259136,1.050129145,1.013402382,0.95004069,0.942566847,0.962399968,0.938091343,0.98044357,0.997671391,1.050208063,1.102995228,1.042739323,1.008749253,1.081665245,1.092743343,1.094146796,1.081491675
37,21.694,103.079,7,5,0.46,0.48,1.999145488,1.346238813,0.15,1.951407369,VN10,1,1.02,1,1.783636,1.781648807,1.785467397,1.798765824,1.803042808,1.798922003,1.723806393,1.841966223,1.87972807,1.90522058,1.877628454,1.878353282,1.887814162,1.898176117,1.906794965,1.920095192,1.879954256,1.884752286,1.846025381,1.814766722,1.767130256,1.776429469,1.691324379,1.718744672,1.762928506,1.765756121,1.781866475,1.843499196,1.781277561,1.796891768,1.801325462,1.773771841,1.951407369,1.799747949,1.639682153,1.565624826,1.798267523,1.745131568,1.564021766,1.615550216,1.629058377,1.65017902,1.890588707,1.939894137,1.867012374,1.708786998,1.817240854,1.793838635,1.751145268,1.576588463,1.481492742,1.673490872,1.753451325,1.880822829,1.999145488,1.913183465,1.841264869,1.874378538,1.741644834,1.45533599,1.433745819,1.423189754,1.409628661,1.57650758,1.659705972,1.61000524,1.499914573,1.526904139,1.441468366,1.478653453,1.415489728,1.212853725,1.08687821,1.143657985,1.133770878,0.998061975,0.927429088,0.841734538
38,21.67,103.635,8,8,0.18,0.18,2.335239814,1.852114898,0.01,1.626696973,VN11,2,1.01,2,1.626696973,1.61666039,1.617389049,1.615058826,1.553431636,1.532061269,1.493193935,1.434501765,1.432511188,1.411240236,1.415274034,1.454464221,1.477821071,1.507091104,1.561334911,1.614007384,1.685227739,1.746840496,1.782644134,1.771939031,1.75757505,1.720998532,1.661461181,1.708100318,1.680762019,1.682899961,1.76920874,1.734242429,1.717466631,1.755177851,1.80840869,1.905493516,1.970924747,2.041117618,2.118314935,2.335239814,2.30584713,2.033309634,1.671776014,1.580075921,1.670042079,1.626659203,1.507504802,1.508497366,1.608009856,1.549087272,1.387573894,1.348375149,1.369366605,1.383497999,1.377478368,1.270093586,1.179232269,1.172964694,1.196972474,1.319464282,1.396420823,1.244035839,1.204358913,1.164228437,1.225134671,1.237786603,1.186793441,1.130626273,1.169214908,1.231266434,1.288281193,1.230173226,1.107854537,0.977755274,1.037291875,1.159188018,1.281013399,1.209622778,1.165557146,1.100175544,1.131138193,1.178840253
39,21.532,103.241,8,5,0.044,0.045,1.684267316,0.957474906,0.26,1.374780124,VN12,1,1.01,1,1.377076226,1.414530145,1.420820622,1.434551532,1.444453619,1.453427195,1.508346286,1.488379743,1.501093012,1.557744068,1.662444659,1.684267316,1.679960844,1.642538195,1.53070308,1.540140298,1.349258423,1.395912163,1.43936575,1.489456914,1.37978003,1.193145169,1.080059546,1.037535558,1.0600399,1.138242159,0.986135731,0.870185616,0.845599462,0.974616059,1.010741578,0.94817226,1.078131183,1.05273686,1.061973697,1.126801325,0.949850699,0.968055785,1.170162727,1.293719092,1.359727548,1.374780124,1.238068759,1.234033792,1.180404,1.138373014,1.132953993,1.102147431,1.075614761,1.192287128,1.262214186,1.279654192,1.274264367,1.340958147,1.324337356,1.23056671,1.021791707,0.789848834,0.886497673,0.983370649,1.011155642,1.092689848,1.096527069,1.048883038,0.967013438,0.941481916,0.871674906,0.864375153,0.853652754,0.878550455,0.857252886,0.804049378,0.814488579,0.848088421,0.889374058,1.006723724,0.952845329,0.857459381
40,21.3,103.233,3,2,1.4,0.042,1.756239533,0.982054685,0.13,1.39467035,VN13,1,1.01,1,0.961166857,0.973053735,0.973693641,0.974579533,1.027807418,0.967736481,0.867263782,0.868916873,0.870388731,0.875052159,0.867398536,0.887386142,0.905176546,0.937126537,0.945969245,1.007064091,0.981402067,0.97627461,1.067207732,0.998743122,0.959344302,0.917243681,0.942090193,1.027550039,1.180689657,1.131796683,1.035400212,1.13621242,1.109727644,1.39467035,1.388497033,1.063990239,1.162659701,1.085694145,1.047927453,1.002884892,0.884385814,0.818608559,0.956366245,1.026647529,1.046631401,1.111317782,1.047042472,1.022638296,0.992857148,0.933080456,0.864007046,0.84312509,0.828600026,0.814689053,0.77674111,0.733261033,0.664051708,0.656097176,0.652642865,0.646254514,0.669496252,0.829464041,1.110730597,1.181266779,1.132488449,0.995359749,0.922396315,0.900493677,0.936154078,1.053948045,1.131383256,1.134328121,1.296020049,1.450249514,1.518887952,1.756239533,1.504002476,1.317100191,1.278186897,1.333683307,1.428097689,1.437155231
41,20.924,103.587,11,11,0.133,0.133,1.888356966,1.534347795,0.25,1.750897022,VN14,1,1.01,1,1.455645368,1.464393482,1.459347013,1.452185331,1.419366912,1.378353347,1.351616388,1.391328098,1.355533118,1.307890727,1.262440811,1.282472836,1.300370604,1.308922027,1.301321552,1.281697327,1.246988947,1.338145496,1.360968295,1.387644232,1.454767696,1.513991791,1.55573152,1.589633683,1.494431038,1.517974167,1.567922967,1.58124965,1.649907434,1.842199997,1.888356966,1.819004726,1.761121369,1.615693134,1.594837554,1.613528938,1.51384262,1.418110079,1.543021974,1.690106037,1.750897022,1.614636684,1.495463827,1.464794989,1.458566701,1.484059058,1.555229324,1.521416874,1.516329143,1.351891257,1.349319343,1.371207065,1.359375699,1.326836397,1.297555657,1.304618624,1.311883105,1.396144136,1.271227787,1.240260025,1.273260768,1.340438132,1.436079588,1.37538042,1.420801372,1.555238073,1.522704142,1.433137158,1.238515432,1.387258135,1.446781616,1.370739916,1.32932967,1.353256149,1.421519448,1.373659364,1.323405436,1.238773214
42,21.254,103.481,14,14,0.032,0.032,1.338978064,1.158363595,0.28,1.294613526,VN15,1,1.01,1,1.155094993,1.178810661,1.184496113,1.198927234,1.255894622,1.292148785,1.338978064,1.32860367,1.313842316,1.269348294,1.257241247,1.234755216,1.225907689,1.215301306,1.193235203,1.154525188,1.1064757,0.960092539,0.88392749,0.882919759,0.945930107,0.969782815,1.00816163,1.018515394,1.020137346,0.989131882,1.030822822,0.981716078,1.108955811,1.155152668,1.14045398,1.117905186,1.160043139,1.14529316,1.090710049,1.135531853,1.146904575,1.179940296,1.13582522,1.171379377,1.225117031,1.201071635,1.294613526,1.286451931,1.22802399,1.151015252,1.219905711,1.209764365,1.178332648,1.141770774,1.164492098,1.231815996,1.249799955,1.246182433,1.254444942,1.22433193,1.212090674,1.124815167,1.099219701,1.141448304,1.134834712,1.130930434,1.090965407,1.101444975,1.068444467,1.116067442,1.165546374,1.171326718,1.072211827,0.95980142,1.007064148,1.004800267,0.998726142,0.974937742,0.933669011,0.977087962,1.029434671,1.043497037
43,21.916,106.745,13,13,0.17,0.17,3.51983073,2.962342108,0.02,2.242497463,VR01,2,2,2,2.231388521,2.242497463,2.235300003,2.237008096,2.232386866,2.204659965,2.17930496,2.122390921,2.113821255,2.143501644,2.106623231,2.104023267,2.10291778,2.089603593,2.000079132,1.87891699,1.722610648,1.635647089,1.528248257,1.518905814,1.609737774,2.070430301,2.416816435,2.691864303,2.911322063,2.960258025,2.908603974,2.33702299,2.453497163,2.549099089,2.647220861,2.735396304,3.074227381,3.325979534,3.51983073,3.370277838,2.972563088,2.674861051,2.402469382,2.356658837,2.440798681,2.456736861,2.347757233,2.232865476,2.168750371,1.990740854,1.886242145,1.900982332,1.947363384,1.812238406,1.663422927,1.568179863,1.597830274,1.597089369,1.600610844,1.628093127,1.570674068,1.465018499,1.418549109,1.345611935,1.342433837,1.366113264,1.407113065,1.35673672,1.241171794,1.195852316,1.168631717,1.132600509,1.096175352,1.125884695,1.092849835,1.21448636,1.303667499,1.300900133,1.282922392,1.305006263,1.400484966,1.461222653
44,21.863,106.673,7,7,0.09,0.09,3.396317109,2.705253012,0.6,1.439339749,VR02,2,2,2,1.092021933,1.064667189,1.024256238,0.949558059,0.839181561,0.8152928,0.778440213,0.72929352,0.725007721,0.76699341,0.847335184,0.956468768,0.993395877,1.026979996,1.158285492,1.300461657,1.684403564,1.834411965,1.996172387,2.086607032,2.315106356,2.397826121,2.822994989,3.280246826,3.396317109,3.124303772,2.821382689,2.325396341,1.894979188,1.927143824,1.813499132,1.666826522,1.55749015,1.527886864,1.554471413,1.513750336,1.425966793,1.412849527,1.397812084,1.208310362,1.201032819,1.339447251,1.179210635,1.107264573,1.145531396,1.137088927,1.100537544,1.132496658,1.12215056,1.097452147,1.038721263,1.126812652,1.194907197,1.212674867,1.231322362,1.234361386,1.247385191,1.314563379,1.439339749,1.339324685,1.314213465,1.312489777,1.348443489,1.330390588,1.218017341,1.090647193,1.142055233,1.241958628,1.118896255,1.173609139,0.9992377,0.898506836,0.910421069,0.92172555,0.871659753,0.818922714,0.803446697,0.815133048
45,21.8,106.604,15,15,0.095,0.2,2.335217298,1.91847497,0.01,1.685690643,VR03,2,1.02,2,1.685690643,1.677779278,1.678273434,1.683081608,1.65763578,1.642854507,1.584772412,1.494738857,1.468608923,1.388934379,1.385845987,1.355266436,1.364321007,1.359704296,1.357859826,1.390209153,1.468082448,1.735039772,1.957894083,2.020949315,1.974697644,2.136867635,2.082610489,1.995415013,2.050696034,2.335217298,2.332317049,2.272966499,1.994900241,1.746590049,1.740245987,1.669699012,1.536295088,1.497313512,1.61341913,1.830030718,2.049576418,2.132258256,1.979820974,1.569556203,1.509714789,1.439413917,1.297657369,1.31865209,1.307092847,1.372617662,1.33139272,1.345194607,1.334475005,1.361063018,1.397812024,1.329220177,1.206234929,1.19986701,1.230267512,1.30842113,1.371704408,1.368163041,1.33765395,1.336651735,1.303888296,1.199873394,1.242728024,1.255536127,1.251908699,1.187810881,1.186858579,1.189712011,1.063469189,0.972010709,0.995268933,0.978523273,0.969927667,0.943596953,0.892276776,0.920739783,0.925608933,0.904163511
46,21.736,106.543,10,10,1.9,1.9,1.202384221,1.225334346,0.85,1.19205046,VR04,1,1.02,1,0.938267159,0.962495883,0.960517773,0.955836874,0.958906779,0.964098561,0.962505501,0.935303026,0.929439507,1.013596016,1.013495033,1.059068699,1.060922022,1.058915449,1.044871613,1.086802757,1.058799967,1.048462203,1.078643349,1.050193112,1.033765115,0.965144745,0.994609633,0.976589966,1.004019768,0.975924969,0.985352061,1.082321938,0.984941774,0.876893392,0.870314214,0.961449942,1.099601238,1.044572584,1.037118044,0.987628632,0.901466183,0.834893831,0.903954701,0.975347952,0.945632902,0.905426506,0.930869718,0.870618071,0.834114425,0.880607545,0.867928832,0.890040841,0.903702695,0.881730961,0.888790268,0.821854066,0.842855591,0.851553465,0.869577787,0.943274888,1.001135187,1.004122383,1.071884075,1.187174909,1.15346763,1.103362279,1.110748728,1.143165467,1.19205046,1.045075113,1.012806791,1.027422627,0.998291965,0.959827764,0.945046558,1.001797945,1.015368138,1.096015097,1.158166329,1.162348353,1.202384221,1.160742787
47,21.674,106.447,14,11,0.29,0.28,3.030629528,2.512246069,0.025,2.015747524,VR05,3,3,3,1.992174063,1.995404387,2.001000286,2.015747524,2.006226995,2.006663561,1.991527791,1.973587252,1.951980365,1.864613694,1.85269704,1.842542607,1.836196004,1.810476592,1.83011539,1.825922227,1.862598222,1.845844375,1.780681073,1.764487686,1.724566878,1.638218828,1.674302128,1.689408321,1.708616622,1.766833834,1.744389547,1.567054793,1.456265746,1.366605462,1.383066213,1.43055258,1.393115349,1.634542102,1.844363155,1.89346601,2.023406554,2.330345629,2.611627873,2.633867685,2.706548622,2.83193265,3.025245916,3.030629528,2.969531336,2.817017429,2.740124677,2.683363926,2.668912696,2.670657178,2.567696013,2.492072167,2.413213509,2.328269476,2.288815133,2.101374177,1.958789397,2.013861816,1.934270131,1.935170588,1.868188774,1.807748048,1.816701783,1.798695301,1.761264053,1.709693673,1.673602841,1.538507734,1.524440401,1.469474886,1.528154521,1.528403981,1.53915025,1.438715558,1.354415439,1.299882066,1.328242237,1.342460277
48,21.622,106.373,10,10,0.38,1.1,1.322268038,1.22259091,1.1,1.268261299,VR06,1,1.02,1,1.082649074,1.093144949,1.09949491,1.109017089,1.092675719,1.085502767,1.065587269,1.058925255,1.090981942,1.166103388,1.155193654,1.164055894,1.163864045,1.146067512,1.123661253,1.123688655,1.143248874,1.131268765,1.193506467,1.203092819,1.235818064,1.189895455,1.120873968,1.087457119,1.091124624,1.095554877,1.093849827,1.136254896,1.140933008,1.000047623,1.013763559,1.050465357,1.061147824,1.063529934,0.99227161,0.942609535,0.908615987,0.891085742,0.930455272,0.944832214,0.966871246,0.931403805,0.965257077,0.911402915,0.914088965,0.912002121,1.016625953,1.083594404,1.187628209,1.322268038,1.26336992,1.178875613,1.131444987,1.113040624,1.074111444,1.006914059,1.067825681,1.138239135,1.142903818,1.063881076,1.069976769,1.045404213,1.030310183,1.106380443,1.089284308,1.202158364,1.263949633,1.240599451,1.268261299,1.160492877,0.96803962,0.908815824,0.968565353,1.02563628,0.963709854,0.918408125,0.871139316,0.89843319
49,21.56,106.289,7,6,0.16,0.16,4.14293208,3.803792404,0.02,2.427696114,VR07,2,2,2,2.422697518,2.427696114,2.417726371,2.402533482,2.350667615,2.334984856,2.306677014,2.254924633,2.235626232,2.059505768,2.000323371,1.949310347,1.951725239,1.947649766,1.9667074,1.884781422,1.902837424,1.963704619,2.098401841,1.992436442,1.933678302,1.893124801,1.976099871,2.126745293,1.984728891,1.806000759,1.883633893,2.277406039,2.590263789,3.104275383,3.239070234,3.394569991,3.750155743,4.14293208,3.992192853,3.716071864,3.392527828,2.856806567,2.025118381,1.874944583,1.813915461,1.710005413,1.659049781,1.966703232,2.132290652,2.28715456,2.18757963,2.182676493,2.119166339,1.967688214,1.785804826,1.883650312,1.701302736,1.608561392,1.541630759,1.523676008,1.499934999,1.572794205,1.72846887,1.617682273,1.588497722,1.662623,1.699648446,1.678149538,1.542970469,1.476761005,1.511228379,1.422274967,1.192103214,1.026327333,0.902739106,0.85841327,0.900632453,0.843364858,0.823302009,0.839893125,0.9226975,1.039354546
50,21.518,106.222,6,6,0.11,0.11,4.0512915,3.294096219,0.032,2.10810312,VR08,2,2,2,2.076441413,2.007527075,2.007160164,2.017734494,1.995145173,2.010629223,2.10810312,2.098498479,2.066978866,2.021560231,2.033400779,2.087871281,2.002246434,1.921581826,1.790924143,1.651253649,1.608275573,1.644490164,1.640149838,1.666528408,1.723459351,1.805037702,1.965317139,2.231612711,2.579412029,3.194850093,3.556857783,4.0512915,3.822539848,3.136569184,3.017318375,2.706065144,2.501981769,2.533946472,2.473500425,2.306187377,2.04224298,1.917221855,1.80414138,1.797537997,1.64827095,1.47303333,1.210661764,1.128190186,1.064370095,1.156481453,1.276656363,1.34641134,1.310312662,1.466570094,1.677476594,1.617554679,1.386116943,1.306135721,1.305910947,1.338886926,1.366563786,1.409842036,1.493067948,1.512715029,1.369718436,1.194679788,1.154837713,1.032387523,0.930881741,0.852812305,0.905328054,0.998862347,0.941090117,0.93768985,0.989050856,1.123254942,1.342475859,1.259654409,1.263275912,1.283205893,1.252358597,1.34775063
51,21.456,106.152,21,18,0.11,0.085,2.92705519,2.182371057,0.11,2.92705519,VR09,2,2,2,1.815193624,1.774268163,1.771969746,1.755849337,1.692539464,1.667563771,1.679814973,1.720606086,1.807516467,2.081063665,2.105146788,2.104541396,2.100693394,2.070822698,2.033011204,2.077862784,2.220386905,2.1893605,2.395113465,2.490517049,2.382894973,2.330241763,2.550732769,2.92705519,2.834133535,2.669291175,2.575314607,2.298587139,2.013790353,1.790318664,1.775056408,1.710411036,1.77828168,1.701285129,1.606798586,1.613804084,1.554374344,1.451723366,1.325860632,1.324646026,1.356316588,1.362750499,1.413715032,1.391030249,1.354997968,1.293492437,1.210558462,1.206192957,1.197985962,1.194639678,1.192962196,1.212963084,1.190350043,1.160723776,1.126828457,1.073261233,1.043708258,1.080494556,1.069027194,1.023145512,0.999127204,0.974305116,0.986252669,0.94373817,0.870522353,0.878458198,0.905490533,0.904191756,0.9318808,0.950001571,0.961950003,1.000271542,1.093266269,1.072401123,1.072648036,1.036596791,1.07842478,1.110802831
52,21.407,106.074,24,24,0.29,0.28,2.215718059,1.828853842,0.01,1.695753492,VR10,3,1.02,3,1.695753492,1.676510837,1.674560383,1.676391792,1.684041402,1.681712788,1.666037092,1.674977042,1.663958198,1.639880786,1.661256085,1.646203105,1.647120228,1.636824397,1.627086316,1.588374468,1.53407578,1.554333043,1.532208486,1.557249723,1.588357748,1.573877312,1.550732912,1.527530239,1.509761221,1.409344154,1.434669194,1.421915183,1.335930769,1.541467226,1.603130391,1.748266821,1.933200933,1.968401289,1.918143506,1.902008832,1.900851483,1.924655977,1.939954996,1.900590317,1.977774151,2.089053017,2.201523125,2.215718059,2.167539174,2.074390844,2.0102736,1.923251113,1.856496219,1.682824973,1.654632192,1.652844848,1.707195605,1.677057563,1.630825335,1.561939606,1.502181851,1.445044526,1.37040883,1.366640123,1.349244503,1.288108137,1.279381276,1.190173861,1.157079405,1.101413431,1.088127708,1.152182221,1.16874499,1.16796535,1.183922243,1.080293676,0.979824359,1.006730705,1.051377823,1.126713017,1.123832791,1.120417508
53,21.352,105.999,12,12,0.22,0.22,4.612530506,4.185740622,0.01,2.423481124,VR11,3,3,3,2.423481124,2.394031972,2.395762637,2.403701457,2.379914772,2.343045047,2.349006551,2.414784517,2.362667693,2.209125854,2.082909907,2.074884371,2.095893559,2.118889212,2.111428496,2.128406522,1.921701217,1.919952529,1.79409978,1.813882077,1.871374127,1.808347217,1.759151999,1.728733849,1.697024719,1.7605322,1.951743945,2.132446972,2.284496906,2.316685342,2.337585945,2.379364211,2.651484901,2.962487764,3.093128009,3.113382115,3.634402554,4.104450917,4.612530506,4.570341702,4.498127916,4.335149821,3.980949857,3.978609905,3.853940428,3.630318068,3.225228643,3.095016629,3.087291461,3.033101807,2.697077436,2.46184193,2.393218661,2.389297316,2.432457631,2.362386738,2.35271428,2.144091571,1.802065005,1.867385271,1.903313513,1.966577582,2.073807018,1.939614473,1.772787058,1.657665714,1.557896105,1.448858914,1.328902946,1.196730398,1.179139492,1.126871342,1.1915255,1.218871899,1.312200571,1.361602234,1.341051246,1.411154734
54,21.292,105.919,16,11,0.28,0.24,1.713422058,1.338037426,0.14,1.012814121,VR12,1,1.02,1,0.661078537,0.657246669,0.661359067,0.667279993,0.694705516,0.716420595,0.734290698,0.708168307,0.67274983,0.596703158,0.546377025,0.528496612,0.517497683,0.504716642,0.495788268,0.477213393,0.529495633,0.596388823,0.630672859,0.649170612,0.657966892,0.741820256,0.766087554,0.820457059,0.801075566,0.830735379,0.861771125,0.925213883,0.907329459,0.955725912,0.994550554,1.012814121,1.069076985,1.175314167,1.178229354,1.191821856,1.338083896,1.384978897,1.405599542,1.547918527,1.532562199,1.616514473,1.713422058,1.645656003,1.584076464,1.571409084,1.558958802,1.495520474,1.456898829,1.430580939,1.371584956,1.299021847,1.27121337,1.279014646,1.31360308,1.392699996,1.338800655,1.263562615,1.355656965,1.212439706,1.188362591,1.133028553,1.103816644,1.204114183,1.219570098,1.244228657,1.261181995,1.291620426,1.194762354,1.143328952,1.058022825,0.961141427,0.893781703,0.894630114,0.890329828,0.96630857,1.005898963,0.964882443
55,21.223,105.853,12,11,0.55,0.55,4.38507188,3.958724087,1.3,1.909731731,VR13,4,4,5,1.164442302,1.111669634,1.104418139,1.087506149,1.057706846,1.05681228,1.050154348,1.104547467,1.109975696,1.171910726,1.162954083,1.130455895,1.137409475,1.169531548,1.2089741,1.219228082,1.195430733,1.140998462,1.07726496,1.060933657,1.038932409,0.985692018,1.070432214,1.03724277,1.091242425,1.107603363,1.144355057,1.224761056,1.260239969,1.29750503,1.277600586,1.325434656,1.364354814,1.637421539,1.70189782,1.562985577,1.537637202,1.569364589,1.20308368,0.938048214,0.956743884,0.947634176,1.067093114,1.137998816,1.207942379,1.552631834,1.859294696,1.996058737,2.092767292,2.288805879,2.421264485,2.63134148,3.058171443,3.230864406,3.447589778,3.767975054,4.032985337,4.38507188,4.214275045,4.224238331,4.100993568,3.893484845,3.402076118,2.893341259,2.630760753,2.304594413,2.021168842,1.936135582,1.778431837,1.772285802,1.909731731,1.79211872,1.563980611,1.491202653,1.588822497,1.644814154,1.662081987,1.670633477
56,21.166,105.774,16,14,0.55,0.85,4.513027709,4.629955377,0.55,4.513027709,VR14,4,4,4,1.322789328,1.279397937,1.252901446,1.207456528,1.095287601,1.076055295,1.054402361,1.031861667,1.037217186,1.052551001,1.053586557,1.052033828,1.061294859,1.075680191,1.117628889,1.146825556,1.167788558,1.180434733,1.271177676,1.282499852,1.233578943,1.250979141,1.273396028,1.232923754,1.232198241,1.239949023,1.205155962,1.242860479,1.293734589,1.341349291,1.317143341,1.262643987,1.27915127,1.20814671,1.231305189,1.178067866,1.260024709,1.398109204,1.637125289,1.652740729,1.574954529,1.516103778,1.427692595,1.381890447,1.266825843,1.255879933,1.155671168,1.144636168,1.131025828,1.171240116,1.347869726,1.577182663,1.767084549,1.82809093,1.854424717,1.922501697,2.007823151,2.240705483,2.638731061,3.189599002,3.411108247,3.871401367,4.513027709,4.332274398,4.239084323,4.023912609,3.920268224,3.684279127,3.404892378,3.239572126,3.312025232,3.254277043,3.002668007,2.833525156,2.675284524,2.500732101,2.581215354,2.647696778
57,21.11,105.7,15,12,0.6,0.6,4.787701533,4.25948913,0.13,2.458918043,VR15,4,4,4,2.093735842,2.032852622,2.005089585,1.881493799,1.587561018,1.521977467,1.442079135,1.49973049,1.52912405,1.707678215,1.822956248,1.921879528,1.911163458,1.882013334,1.875787604,1.959718392,2.067958373,2.007256977,2.002133741,1.912912514,1.760116029,1.715915695,1.812268054,1.927160587,2.011098604,2.020685429,1.975313293,2.014349095,2.232838242,2.458918043,2.420970016,2.205424012,1.974863315,1.782111382,1.818551415,1.911782485,2.130439836,2.185553442,1.750546234,1.388269764,1.35225246,1.419949321,1.545675891,1.579852383,1.632868955,1.759222936,1.888826523,1.990911849,2.115597012,2.308008342,2.426725507,2.462495128,2.56320182,2.645667937,2.846636585,3.352815153,3.850839535,4.24980337,4.787701533,4.650823075,4.458068653,3.990276673,3.588309229,3.642539799,3.575356587,3.272614052,3.280797526,3.314963737,2.804816628,2.682809284,2.551254062,2.581569264,2.51707567,2.351993884,2.344384559,2.525736086,2.544269224,2.385813463
58,21.054,105.626,19,17,0.19,0.2,1.449714194,1.35101645,1.3,1.277188945,VR16,1,1.02,1,1.187433378,1.192752495,1.166735164,1.168395639,1.145918692,1.132333624,1.113080893,1.110184739,1.110354478,1.083394416,1.040186183,0.978179211,0.974637099,0.971254081,0.959937289,0.954426608,0.949525699,0.965782377,0.935394569,0.934718785,0.973606645,0.979653253,0.977495055,1.035542141,1.02125039,1.031606009,1.016312965,1.148639974,1.156996064,1.193561575,1.181007157,1.204926961,1.24143242,1.218767195,1.311574512,1.382816368,1.449714194,1.444336233,1.394023834,1.294264149,1.322307768,1.33810069,1.381088798,1.397353502,1.386230112,1.347104065,1.247534582,1.240426641,1.275380926,1.252703224,1.189240826,1.211531652,1.218809607,1.185289649,1.161461999,1.090406164,1.115931665,1.225037845,1.158573346,1.068231826,1.030929334,0.995833097,0.91508239,0.973677535,1.08082231,1.183825773,1.255691786,1.228964342,1.228054889,1.25307237,1.277188945,1.238170506,1.224782486,1.124254953,1.088521142,1.061106202,1.057994241,1.149848728
59,21.006,105.553,19,16,0.29,0.28,4.925998593,4.381398454,0.65,2.158114977,VR17,3,3,3,1.631108685,1.526393524,1.505616954,1.456907179,1.347312608,1.316144775,1.250402472,1.234251851,1.214104767,1.286105284,1.315396284,1.277620665,1.246045255,1.210757171,1.130616051,1.10968225,1.056188302,1.051317547,1.097999948,1.146427577,1.235416765,1.401143369,1.609961547,1.60496741,1.43833898,1.260422106,1.1924164,1.264181041,1.46717248,1.499870843,1.56760379,1.666188319,1.804031677,2.143395231,2.504051218,2.829706815,2.932733485,3.274753576,4.13916826,4.239030766,4.353203079,4.43838509,4.867180217,4.925998593,4.890450041,4.723258272,4.550946955,4.368772291,4.118630044,3.768464736,3.409731583,3.326487144,3.143318431,2.998123176,2.89378671,2.760545786,2.610591956,2.402098797,2.185378122,2.158114977,2.099577623,2.064278248,2.076837835,1.967752613,1.771670058,1.651168741,1.618977545,1.642203524,1.75397496,1.779727802,1.831513329,1.641668031,1.496896629,1.485501239,1.521896817,1.587039757,1.568085392,1.505931953
60,20.956,105.492,27,26,0.042,0.04,2.696873339,2.272065916,0.133,1.488411084,VR18,2,2,2,1.601467601,1.669976437,1.700242482,1.781108151,1.988808071,2.086423687,2.258243635,2.339639392,2.33567047,2.659191004,2.696873339,2.464607625,2.324161092,2.243659641,2.12055089,1.977872486,1.724218827,1.615757793,1.53125857,1.572014893,1.62196473,1.662839757,1.629055362,1.622320175,1.571736859,1.559415834,1.552948869,1.472860437,1.41902241,1.466932958,1.488411084,1.487909475,1.415070919,1.420140879,1.482514101,1.376532613,1.369393912,1.387100708,1.427445607,1.320262391,1.280668072,1.273158133,1.228390799,1.249490692,1.300361049,1.291314649,1.188898668,1.221133031,1.231493701,1.246026741,1.237083191,1.18397141,1.164521168,1.140034236,1.111786657,1.112483436,1.129032767,1.108094999,1.086483713,1.143372974,1.120615304,1.050379855,1.063715009,0.999784508,0.936648789,0.94189797,0.992811049,1.007292368,1.070627192,1.054693182,1.065635628,1.019272101,1.046598361,1.073315292,1.035287486,0.974275644,0.963498863,0.920827785
61,20.891,105.385,19,18,0.34,0.06,1.908144248,1.905390073,0.05,1.633309684,VR19,1,1.01,1,1.460167797,1.463367282,1.480684845,1.50134063,1.513903624,1.516874749,1.534896391,1.514974057,1.500426056,1.511104629,1.504405626,1.517771186,1.54289363,1.566821009,1.619228446,1.633309684,1.628648926,1.611026179,1.611478089,1.607632083,1.592241511,1.512776068,1.494656751,1.505827354,1.596358622,1.551602105,1.423928334,1.330919947,1.328742778,1.382600631,1.399482116,1.403143752,1.498806344,1.486549918,1.524323629,1.542039448,1.485411336,1.436983076,1.516105797,1.389827547,1.423861879,1.466067859,1.60068469,1.681167675,1.74156959,1.872102266,1.908144248,1.836957174,1.778473822,1.701720118,1.660780872,1.566353903,1.516802426,1.480395182,1.428643193,1.339980564,1.270135172,1.251860163,1.186700563,1.17564956,1.161406543,1.184228207,1.228264537,1.195181965,1.214700276,1.338211998,1.316039131,1.308352976,1.187903058,1.187080257,1.225052433,1.230142634,1.31068936,1.30588616,1.278976183,1.280062787,1.236790811,1.276269139
62,20.761,105.259,13,13,0.55,0.19,1.797187362,1.727297851,0.18,1.689866707,VR21,1,1.01,1,1.531183457,1.54524996,1.542232057,1.53323256,1.490268292,1.486833885,1.489180981,1.472852685,1.480267617,1.598303215,1.603428655,1.652115601,1.66623645,1.671511718,1.635531101,1.578193823,1.501583921,1.417368706,1.302185912,1.294969273,1.299791254,1.278472937,1.262065445,1.3514352,1.361951155,1.278994655,1.23969827,1.213504284,1.455688117,1.556650399,1.553636129,1.682589189,1.611633675,1.615114449,1.623773503,1.689866707,1.681111434,1.590784194,1.511382175,1.550309496,1.53715553,1.570828095,1.623598016,1.641795478,1.615811471,1.566538658,1.527762228,1.471688917,1.463525454,1.443028504,1.47815444,1.493400662,1.526241438,1.577537602,1.587435585,1.642245044,1.729092162,1.797187362,1.580152414,1.522350833,1.534232859,1.510681385,1.595287238,1.558971615,1.487844677,1.485611291,1.446398907,1.382135422,1.392229269,1.522506096,1.569172351,1.552469319,1.45825619,1.465246115,1.408846495,1.4070349,1.418938101,1.450391977
63,20.696,105.182,23,20,0.08,0.08,2.624209055,1.820270293,0.16,1.494867454,VR22,2,1.01,2,1.748602493,1.785839128,1.80343233,1.85127248,2.012079655,2.076787554,2.131884285,2.180906244,2.202053066,2.236617017,2.193793281,2.180715234,2.176622627,2.168733601,2.160747088,2.191027722,2.133399872,2.072447741,2.074439236,2.072570593,2.154564645,2.421957,2.624209055,2.566745721,2.316823617,2.057922807,1.930713083,1.979820546,1.76874097,1.512346026,1.476086483,1.429325338,1.455376477,1.494867454,1.473193002,1.455583476,1.319388137,1.272739947,1.259343184,1.127413908,1.092710639,1.074756152,1.15604712,1.182201053,1.19304021,1.16141375,1.138069928,1.145143908,1.143881509,1.146076869,1.105647624,1.126503911,1.084566294,1.065886452,1.041597995,0.997491887,0.944154847,0.954322353,0.954038666,0.967672217,0.974928904,1.056936786,1.174380941,1.142663306,1.081778866,1.054588909,1.051528324,0.964681215,0.976949706,1.000613169,0.942961275,0.972287301,0.978183673,0.953848901,0.947919872,0.999646752,1.024907741,0.955073946
64,20.662,105.094,18,17,0.042,0.044,3.02200116,2.767373516,0.22,1.691319967,VR23,2,2,2,1.870140957,1.923740311,1.956168395,2.019894026,2.13270629,2.11369729,2.168129997,2.594620355,2.760121457,2.952320127,3.02200116,3.016106605,2.997696812,2.988913636,2.905718023,2.825714952,2.362839741,1.978991225,1.782779656,1.752499531,1.728026036,1.682879228,1.629854485,1.511616015,1.513088441,1.561496652,1.52205944,1.483184031,1.54587089,1.449864101,1.415156008,1.430462725,1.52836716,1.499909797,1.46965836,1.515690107,1.497617003,1.551087747,1.691319967,1.652728252,1.653616631,1.664593804,1.68148162,1.612833786,1.555915057,1.370153039,1.22599601,1.19912524,1.165207792,1.169009666,1.24066995,1.211393331,1.127582048,1.078686417,1.054605012,1.068156079,1.014861489,0.978780982,1.027507258,1.046920944,1.075882,1.052253942,1.020484801,1.020667263,1.031516466,0.991520271,0.995067098,0.964901507,0.982248981,1.058592073,1.118857572,1.056246919,0.988604211,1.038868043,1.029877509,1.063480749,1.104285096,1.020754358
65,20.603,105.036,16,16,0.42,0.42,1.344684302,1.246077462,0.046,1.267147154,VR24,1,1.02,1,1.152520554,1.196372542,1.191520623,1.190647496,1.201124942,1.208914383,1.188436089,1.116999474,1.111818949,1.146778725,1.185901232,1.256636475,1.259443975,1.267147154,1.246236924,1.207861008,1.239422027,1.219316722,1.1946034,1.178037767,1.165913442,1.131736338,1.150286849,1.182935203,1.254331656,1.222931792,1.223828292,1.155880904,1.121349203,1.061904284,1.035837657,1.065732598,1.077062432,1.058031194,1.103004,1.142808906,1.137429249,1.128663016,1.092967075,1.072828759,1.130588527,1.184633733,1.220692067,1.212769175,1.193813512,1.20761505,1.210441468,1.230155034,1.204758915,1.221290734,1.31486178,1.344684302,1.228291891,1.183093935,1.167142906,1.080332529,0.991538382,0.82175278,0.795449007,0.827154966,0.831732006,0.820114376,0.871122325,0.909720905,0.947073931,1.019498336,1.023541299,0.994806705,1.033552538,1.091483247,1.029729102,1.043639657,1.048100314,1.041397997,0.988508167,0.993949618,1.071647688,1.094997014
66,20.519,104.973,27,27,0.1,0.11,2.13133797,1.917353011,0.29,1.888388719,VR25,2,1.01,2,1.702880939,1.719831648,1.712630643,1.692786954,1.65130007,1.636916733,1.639465612,1.661627963,1.678246951,1.656809704,1.623266358,1.610487645,1.653261382,1.698804771,1.775540356,1.821018031,1.872686382,1.963672941,2.010538154,2.009117368,2.011732296,1.984498134,1.960717123,2.022809193,2.028051541,2.083739684,2.13133797,2.115402408,2.021563782,1.917282965,1.937015014,1.990838222,1.958522497,1.914925524,1.993814704,1.894203204,1.920264021,1.964415241,1.775519078,1.599726633,1.590826382,1.637357718,1.824709312,1.888388719,1.811412858,1.674169641,1.63098849,1.60135751,1.548831282,1.49996282,1.433287995,1.372389192,1.348305131,1.335560771,1.323286624,1.319245394,1.283863155,1.191142698,1.299687638,1.286676197,1.275892116,1.229462926,1.165340193,1.137528162,1.176987963,1.220494488,1.276844988,1.293320755,1.413909384,1.472729909,1.458917,1.448542969,1.407889667,1.300719979,1.2589207,1.232816754,1.233672582,1.257646332
67,22.25209643,104.899,28,28,0.16,0.16,1.877891369,1.935910572,1.2,1.453162502,VTVB,1,1.01,5,1.210241477,1.188149639,1.193107302,1.19151509,1.170962665,1.163770085,1.170974212,1.212039364,1.204879689,1.144759517,1.145878862,1.178002401,1.198914993,1.213701954,1.247072915,1.279349369,1.290113209,1.250927655,1.21160079,1.195310153,1.156738155,1.043002478,0.985430481,0.978330873,1.012418179,1.057078252,1.06581088,1.114874585,1.215195485,1.48606269,1.602886272,1.757102041,1.844550358,1.877891369,1.758545816,1.626582569,1.609322782,1.661063115,1.597692316,1.458994962,1.305847634,1.230982668,1.198557873,1.157684793,1.079982311,0.989005939,0.987671627,1.012656077,1.042149421,1.085305954,1.090044384,1.123133101,1.142079778,1.151616324,1.165520682,1.188204758,1.165889814,1.15016448,1.086202292,1.157002507,1.154681277,1.088053045,1.071095385,1.176029699,1.277888587,1.39883643,1.446329854,1.430860766,1.427155008,1.453162502,1.368423893,1.2737427,1.232478512,1.213275254,1.310794816,1.345676183,1.339505324,1.28915477
