,eqid,evla,evlo,evdp,sta,stla,stlo,dis,mag
0,20080302182645,22.256,101.865,30.400,SLVB,21.330,103.965,240.147935977,4.2
1,20080302182645,22.256,101.865,30.400,DBVB,21.390,103.018,152.987413335,4.2
2,20080302182645,22.256,101.865,30.400,TTVB,21.466,104.379,274.176202543,4.2
3,20080302182645,22.256,101.865,30.400,LCVB,22.039,103.155,135.221557964,4.2
4,20080302182645,22.256,101.865,30.400,TGVB,21.592,103.418,176.493130085,4.2
5,20080302182645,22.256,101.865,30.400,SPVB,22.394,103.842,204.251749275,4.2
6,20080321144629,22.594,108.143,17.000,CBVB,22.660,106.271,192.582921839,3.5
7,20080321144629,22.594,108.143,17.000,MTVB,21.537,106.343,219.576307344,3.5
8,20080321144629,22.594,108.143,17.000,LSVB,21.853,106.749,165.492734718,3.5
9,20080321144629,22.594,108.143,17.000,BCVB,21.885,105.772,256.716277917,3.5
10,20080321144629,22.594,108.143,17.000,TIYB,21.335,107.389,159.685928408,3.5
11,20080321144629,22.594,108.143,17.000,PLVB,20.805,106.628,252.612288423,3.5
12,20080321144629,22.594,108.143,17.000,BGVB,21.290,106.228,244.911174744,3.5
13,20081008022137,23.495,101.982,10.000,LCVB,22.039,103.155,201.266698588,4.0
14,20081008022137,23.495,101.982,10.000,DBVB,21.390,103.018,256.333232802,4.0
15,20081008022137,23.495,101.982,10.000,SPVB,22.394,103.842,226.401026132,4.0
16,20081017213743,23.271,103.995,10.700,DBVB,21.390,103.018,231.333103655,4.1
17,20081017213743,23.271,103.995,10.700,DHVB,21.627,105.184,219.362162862,4.1
18,20081017213743,23.271,103.995,10.700,TTVB,21.466,104.379,203.752039095,4.1
19,20081017213743,23.271,103.995,10.700,TGVB,21.592,103.418,195.183296751,4.1
20,20081017213743,23.271,103.995,10.700,BCVB,21.885,105.772,238.641070671,4.1
21,20081017213743,23.271,103.995,10.700,CBVB,22.660,106.271,243.006977179,4.1
22,20081017213743,23.271,103.995,10.700,SPVB,22.394,103.842,98.382067533,4.1
23,20081017213743,23.271,103.995,10.700,VTVB,22.252,104.899,146.127626145,4.1
24,20081017213743,23.271,103.995,10.700,MCVB,20.833,104.648,278.248428495,4.1
25,20081017213743,23.271,103.995,10.700,LCVB,22.039,103.155,161.452281211,4.1
26,20081017213743,23.271,103.995,10.700,SLVB,21.330,103.965,214.957746924,4.1
27,20081223012038,23.464,101.868,8.100,TGVB,21.592,103.418,261.527192499,3.6
28,20081223012038,23.464,101.868,8.100,DBVB,21.390,103.018,258.382068048,3.6
29,20081223012038,23.464,101.868,8.100,SPVB,22.394,103.842,234.603668731,3.6
30,20081229194950,22.489,102.419,19.500,DBVB,21.390,103.018,136.52052526,3.6
31,20081229194950,22.489,102.419,19.500,VTVB,22.252,104.899,256.761194291,3.6
32,20081229194950,22.489,102.419,19.500,SLVB,21.330,103.965,204.906403292,3.6
33,20081229194950,22.489,102.419,19.500,TGVB,21.592,103.418,143.181401709,3.6
34,20081229194950,22.489,102.419,19.500,SPVB,22.394,103.842,146.859554066,3.6
35,20081229194950,22.489,102.419,19.500,TTVB,21.466,104.379,231.960397243,3.6
36,20081229194950,22.489,102.419,19.500,MCVB,20.833,104.648,294.6936382,3.6
37,20090120040301,22.203,101.410,10.000,SPVB,22.394,103.842,251.492637362,3.8
38,20090120040301,22.203,101.410,10.000,TGVB,21.592,103.418,218.247324796,3.8
39,20090120040301,22.203,101.410,10.000,SLVB,21.330,103.965,281.382720931,3.8
40,20090120040301,22.203,101.410,10.000,DBVB,21.390,103.018,189.083148154,3.8
41,20090307072805,23.016,104.088,0.100,HBVB,20.842,105.328,272.686109132,3.9
42,20090307072805,23.016,104.088,0.100,DBVB,21.390,103.018,211.165137705,3.9
43,20090307072805,23.016,104.088,0.100,DHVB,21.627,105.184,190.806809372,3.9
44,20090307072805,23.016,104.088,0.100,MTVB,21.537,106.343,284.302098755,3.9
45,20090307072805,23.016,104.088,0.100,TTVB,21.466,104.379,174.23860974,3.9
46,20090307072805,23.016,104.088,0.100,MCVB,20.833,104.648,248.548750955,3.9
47,20090307072805,23.016,104.088,0.100,VTVB,22.252,104.899,118.777193212,3.9
48,20090307072805,23.016,104.088,0.100,SPVB,22.394,103.842,73.3709917468,3.9
49,20090307072805,23.016,104.088,0.100,TGVB,21.592,103.418,172.135367301,3.9
50,20090307072805,23.016,104.088,0.100,CBVB,22.660,106.271,227.512093108,3.9
51,20090307072805,23.016,104.088,0.100,BCVB,21.885,105.772,213.846582054,3.9
52,20090307072805,23.016,104.088,0.100,SLVB,21.330,103.965,187.125736917,3.9
53,20090327144335,22.267,102.731,0.000,MCVB,20.833,104.648,254.239993765,3.6
54,20090327144335,22.267,102.731,0.000,TTVB,21.466,104.379,192.040415728,3.6
55,20090327144335,22.267,102.731,0.000,SPVB,22.394,103.842,115.316969857,3.6
56,20090327144335,22.267,102.731,0.000,TGVB,21.592,103.418,103.072422492,3.6
57,20090327144335,22.267,102.731,0.000,VTVB,22.252,104.899,223.467009564,3.6
58,20090327144335,22.267,102.731,0.000,DBVB,21.390,103.018,101.540314884,3.6
59,20090327144335,22.267,102.731,0.000,SLVB,21.330,103.965,164.459012216,3.6
60,20090327144335,22.267,102.731,0.000,DHVB,21.627,105.184,263.114663689,3.6
61,20090404220350,23.348,101.778,10.000,SPVB,22.394,103.842,236.688465078,4.4
62,20090404220350,23.348,101.778,10.000,TGVB,21.592,103.418,257.482767297,4.4
63,20090404220350,23.348,101.778,10.000,DBVB,21.390,103.018,251.631679732,4.4
64,20090427221808,23.432,102.487,12.000,SLVB,21.330,103.965,278.107838056,3.5
65,20090427221808,23.432,102.487,12.000,TGVB,21.592,103.418,225.146444196,3.5
66,20090427221808,23.432,102.487,12.000,VTVB,22.252,104.899,279.933719443,3.5
67,20090427221808,23.432,102.487,12.000,TTVB,21.466,104.379,292.093393311,3.5
68,20090427221808,23.432,102.487,12.000,DBVB,21.390,103.018,232.637388185,3.5
69,20090427221808,23.432,102.487,12.000,SPVB,22.394,103.842,180.376593126,3.5
70,20090522185021,21.609,102.116,10.000,VTVB,22.252,104.899,296.196821782,4.2
71,20090522185021,21.609,102.116,10.000,DBVB,21.390,103.018,96.5597960092,4.2
72,20090522185021,21.609,102.116,10.000,SPVB,22.394,103.842,198.292749738,4.2
73,20090522185021,21.609,102.116,10.000,SLVB,21.330,103.965,194.106249008,4.2
74,20090522185021,21.609,102.116,10.000,MCVB,20.833,104.648,276.54345854,4.2
75,20090522185021,21.609,102.116,10.000,TTVB,21.466,104.379,234.964328772,4.2
76,20090522185021,21.609,102.116,10.000,TGVB,21.592,103.418,134.833373832,4.2
77,20090528084145,21.565,101.751,18.300,SLVB,21.330,103.965,230.965566787,3.7
78,20090528084145,21.565,101.751,18.300,TTVB,21.466,104.379,272.50234782,3.7
79,20090528084145,21.565,101.751,18.300,SPVB,22.394,103.842,234.648166995,3.7
80,20090528084145,21.565,101.751,18.300,TGVB,21.592,103.418,172.667100096,3.7
81,20090528084145,21.565,101.751,18.300,DBVB,21.390,103.018,132.72852817,3.7
82,20090819022524,22.402,102.485,7.000,VTVB,22.252,104.899,249.250610641,3.7
83,20090819022524,22.402,102.485,7.000,MCVB,20.833,104.648,283.42471614,3.7
84,20090819022524,22.402,102.485,7.000,DHVB,21.627,105.184,291.583695646,3.7
85,20090819022524,22.402,102.485,7.000,DBVB,21.390,103.018,124.861784729,3.7
86,20090819022524,22.402,102.485,7.000,SPVB,22.394,103.842,139.734697989,3.7
87,20090819022524,22.402,102.485,7.000,TGVB,21.592,103.418,131.631239854,3.7
88,20090819022524,22.402,102.485,7.000,SLVB,21.330,103.965,193.620488163,3.7
89,20090819022524,22.402,102.485,7.000,TTVB,21.466,104.379,221.41900196,3.7
90,20091005165308,22.211,101.867,10.000,TTVB,21.466,104.379,272.469343292,4.1
91,20091005165308,22.211,101.867,10.000,SPVB,22.394,103.842,204.512246104,4.1
92,20091005165308,22.211,101.867,10.000,DBVB,21.390,103.018,149.764970439,4.1
93,20091005165308,22.211,101.867,10.000,TGVB,21.592,103.418,174.30941172,4.1
94,20091005165308,22.211,101.867,10.000,SLVB,21.330,103.965,237.905579265,4.1
95,20091014015836,20.786,101.943,10.000,MCVB,20.833,104.648,281.639995465,4.0
96,20091014015836,20.786,101.943,10.000,SLVB,21.330,103.965,218.605421934,4.0
97,20091014015836,20.786,101.943,10.000,TTVB,21.466,104.379,264.016612795,4.0
98,20091014015836,20.786,101.943,10.000,TGVB,21.592,103.418,177.261876931,4.0
99,20091014015836,20.786,101.943,10.000,DBVB,21.390,103.018,130.189653056,4.0
100,20091014015836,20.786,101.943,10.000,SPVB,22.394,103.842,265.270811676,4.0
101,20091102202753,20.777,101.976,20.900,TGVB,21.592,103.418,174.825787216,3.5
102,20091102202753,20.777,101.976,20.900,SLVB,21.330,103.965,215.597412822,3.5
103,20091102202753,20.777,101.976,20.900,SPVB,22.394,103.842,263.428265198,3.5
104,20091102202753,20.777,101.976,20.900,TTVB,21.466,104.379,261.029394809,3.5
105,20091102202753,20.777,101.976,20.900,MCVB,20.833,104.648,278.234019747,3.5
106,20091110073653,20.728,101.961,10.000,TGVB,21.592,103.418,179.022082744,4.0
107,20091110073653,20.728,101.961,10.000,MCVB,20.833,104.648,280.012990164,4.0
108,20091110073653,20.728,101.961,10.000,SPVB,22.394,103.842,268.294081689,4.0
109,20091110073653,20.728,101.961,10.000,SLVB,21.330,103.965,218.716840309,4.0
110,20091110073653,20.728,101.961,10.000,TTVB,21.466,104.379,264.186342515,4.0
111,20091126044700,21.261,104.181,1.000,SPVB,22.394,103.842,130.258254232,4.0
112,20091126044700,21.261,104.181,1.000,VTVB,22.252,104.899,132.50026509,4.0
113,20091126044700,21.261,104.181,1.000,SLVB,21.330,103.965,23.6793770664,4.0
114,20091126044700,21.261,104.181,1.000,TTVB,21.466,104.379,30.6091414137,4.0
115,20091126044700,21.261,104.181,1.000,LSVB,21.853,106.749,273.945878479,4.0
116,20091126044700,21.261,104.181,1.000,TGVB,21.592,103.418,87.1793071438,4.0
117,20091126044700,21.261,104.181,1.000,BGVB,21.290,106.228,212.457198854,4.0
118,20091126044700,21.261,104.181,1.000,HBVB,20.842,105.328,127.920710904,4.0
119,20091126044700,21.261,104.181,1.000,DHVB,21.627,105.184,111.588875624,4.0
120,20091126044700,21.261,104.181,1.000,MCVB,20.833,104.648,67.8347653101,4.0
121,20091126044700,21.261,104.181,1.000,BCVB,21.885,105.772,178.6747629,4.0
122,20091126044700,21.261,104.181,1.000,CCVB,19.057,104.856,253.99430749,4.0
123,20091126044700,21.261,104.181,1.000,THVB,19.845,105.784,229.160962284,4.0
124,20091126044700,21.261,104.181,1.000,CBVB,22.660,106.271,265.699806816,4.0
125,20091126135902,21.313,104.179,9.400,LSVB,21.853,106.749,272.781638893,3.6
126,20091126135902,21.313,104.179,9.400,CCVB,19.057,104.856,259.583736386,3.6
127,20091126135902,21.313,104.179,9.400,TTVB,21.466,104.379,26.7789645808,3.6
128,20091126135902,21.313,104.179,9.400,SLVB,21.330,103.965,22.2813166449,3.6
129,20091126135902,21.313,104.179,9.400,BCVB,21.885,105.772,176.694302935,3.6
130,20091126135902,21.313,104.179,9.400,VTVB,22.252,104.899,127.885570183,3.6
131,20091126135902,21.313,104.179,9.400,DHVB,21.627,105.184,109.808495376,3.6
132,20091126135902,21.313,104.179,9.400,BGVB,21.290,106.228,212.618358537,3.6
133,20091126135902,21.313,104.179,9.400,THVB,19.845,105.784,233.266348647,3.6
134,20091126135902,21.313,104.179,9.400,CBVB,22.660,106.271,262.52279837,3.6
135,20091126135902,21.313,104.179,9.400,SPVB,22.394,103.842,124.663025869,3.6
136,20091126135902,21.313,104.179,9.400,MCVB,20.833,104.648,72.109352864,3.6
137,20091126135902,21.313,104.179,9.400,PLVB,20.805,106.628,260.660111371,3.6
138,20091126135902,21.313,104.179,9.400,HBVB,20.842,105.328,130.290707967,3.6
139,20091126135902,21.313,104.179,9.400,TGVB,21.592,103.418,84.7136886422,3.6
140,20091213190833,22.786,101.231,21.000,TGVB,21.592,103.418,261.424363193,3.5
141,20091213190833,22.786,101.231,21.000,SPVB,22.394,103.842,271.97040703,3.5
142,20100620091844,21.199,101.764,10.000,TTVB,21.466,104.379,272.878520094,3.9
143,20100620091844,21.199,101.764,10.000,TGVB,21.592,103.418,176.942587256,3.9
144,20100620091844,21.199,101.764,10.000,MLVB,22.042,103.154,171.531084309,3.9
145,20100620091844,21.199,101.764,10.000,SPVB,22.394,103.842,252.349364731,3.9
146,20100919085815,20.152,104.736,0.500,CCVB,19.057,104.856,121.867775808,4.3
147,20100919085815,20.152,104.736,0.500,BGVB,21.290,106.228,200.062513584,4.3
148,20100919085815,20.152,104.736,0.500,VTVB,22.252,104.899,233.126522497,4.3
149,20100919085815,20.152,104.736,0.500,MTVB,21.537,106.343,226.902187552,4.3
150,20100919085815,20.152,104.736,0.500,MLVB,22.042,103.154,266.090330204,4.3
151,20100919085815,20.152,104.736,0.500,MCVB,20.833,104.648,75.9506671749,4.3
152,20100919085815,20.152,104.736,0.500,TTVB,21.466,104.379,150.150726163,4.3
153,20100919085815,20.152,104.736,0.500,HBVB,20.842,105.328,98.2293399428,4.3
154,20100919085815,20.152,104.736,0.500,BCVB,21.885,105.772,220.030199229,4.3
155,20100919085815,20.152,104.736,0.500,LSVB,21.853,106.749,281.539999148,4.3
156,20100919085815,20.152,104.736,0.500,THVB,19.845,105.784,114.816166563,4.3
157,20100919085815,20.152,104.736,0.500,PLVB,20.805,106.628,210.207171271,4.3
158,20100919085815,20.152,104.736,0.500,TGVB,21.592,103.418,210.300835104,4.3
159,20100922020907,20.173,104.893,0.000,PLVB,20.805,106.628,194.04700068,4.6
160,20100922020907,20.173,104.893,0.000,LSVB,21.853,106.749,268.000387663,4.6
161,20100922020907,20.173,104.893,0.000,CCVB,19.057,104.856,123.601647817,4.6
162,20100922020907,20.173,104.893,0.000,TGVB,21.592,103.418,219.62490295,4.6
163,20100922020907,20.173,104.893,0.000,TTVB,21.466,104.379,152.825691677,4.6
164,20100922020907,20.173,104.893,0.000,MLVB,22.042,103.154,274.699977763,4.6
165,20100922020907,20.173,104.893,0.000,VTVB,22.252,104.899,230.187495866,4.6
166,20100922020907,20.173,104.893,0.000,BGVB,21.290,106.228,186.082463074,4.6
167,20100922020907,20.173,104.893,0.000,THVB,19.845,105.784,100.056238252,4.6
168,20100922020907,20.173,104.893,0.000,TIYB,21.335,107.389,290.019286935,4.6
169,20100922020907,20.173,104.893,0.000,HBVB,20.842,105.328,86.8587412745,4.6
170,20100922020907,20.173,104.893,0.000,MTVB,21.537,106.343,213.484110855,4.6
171,20100922020907,20.173,104.893,0.000,BCVB,21.885,105.772,210.419922507,4.6
172,20100922020907,20.173,104.893,0.000,MCVB,20.833,104.648,77.4092163882,4.6
173,20101002025236,21.874,101.534,32.800,TTVB,21.466,104.379,297.896031726,4.0
174,20101002025236,21.874,101.534,32.800,TGVB,21.592,103.418,197.391807777,4.0
175,20101002025236,21.874,101.534,32.800,MLVB,22.042,103.154,168.363887132,4.0
176,20101010145100,22.095,101.866,10.000,MLVB,22.042,103.154,133.066757462,3.6
177,20101010145100,22.095,101.866,10.000,TTVB,21.466,104.379,269.060975678,3.6
178,20101010145100,22.095,101.866,10.000,TGVB,21.592,103.418,169.829317052,3.6
179,20101019202149,19.071,105.143,0.000,BGVB,21.290,106.228,270.569572884,4.1
180,20101019202149,19.071,105.143,0.000,TTVB,21.466,104.379,276.895094853,4.1
181,20101019202149,19.071,105.143,0.000,HBVB,20.842,105.328,197.010395322,4.1
182,20101019202149,19.071,105.143,0.000,VIVB,16.650,105.697,274.310480302,4.1
183,20101019202149,19.071,105.143,0.000,MCVB,20.833,104.648,201.824210492,4.1
184,20101019202149,19.071,105.143,0.000,PLVB,20.805,106.628,247.010635399,4.1
185,20101019202149,19.071,105.143,0.000,THVB,19.845,105.784,108.953974179,4.1
186,20101019202149,19.071,105.143,0.000,CCVB,19.057,104.856,30.2469566792,4.1
187,20101109182505,21.792,103.606,15.000,MLVB,22.042,103.154,54.2894294121,3.9
188,20101109182505,21.792,103.606,15.000,CBVB,22.660,106.271,291.075318246,3.9
189,20101109182505,21.792,103.606,15.000,MCVB,20.833,104.648,151.531746565,3.9
190,20101109182505,21.792,103.606,15.000,TGVB,21.592,103.418,29.477188173,3.9
191,20101109182505,21.792,103.606,15.000,MTVB,21.537,106.343,284.688068911,3.9
192,20101109182505,21.792,103.606,15.000,VTVB,22.252,104.899,142.883791066,3.9
193,20101109182505,21.792,103.606,15.000,BCVB,21.885,105.772,224.152964387,3.9
194,20101109182505,21.792,103.606,15.000,HBVB,20.842,105.328,207.317627646,3.9
195,20101109182505,21.792,103.606,15.000,TTVB,21.466,104.379,87.7914046401,3.9
196,20101230185016,20.856,103.395,2.400,THVB,19.845,105.784,273.397933357,4.7
197,20101230185016,20.856,103.395,2.400,BCVB,21.885,105.772,271.570542315,4.7
198,20101230185016,20.856,103.395,2.400,MLVB,22.042,103.154,133.672315854,4.7
199,20101230185016,20.856,103.395,2.400,TTVB,21.466,104.379,122.496834663,4.7
200,20101230185016,20.856,103.395,2.400,VTVB,22.252,104.899,219.453768699,4.7
201,20101230185016,20.856,103.395,2.400,HBVB,20.842,105.328,201.180981003,4.7
202,20101230185016,20.856,103.395,2.400,CCVB,19.057,104.856,251.094310738,4.7
203,20101230185016,20.856,103.395,2.400,MCVB,20.833,104.648,130.433891495,4.7
204,20101230185016,20.856,103.395,2.400,DBVB,21.390,103.018,70.9187576995,4.7
205,20101230185016,20.856,103.395,2.400,BGVB,21.290,106.228,298.295488875,4.7
206,20101230185016,20.856,103.395,2.400,SPVB,22.394,103.842,176.47116815,4.7
207,20101230185016,20.856,103.395,2.400,TGVB,21.592,103.418,81.5248655336,4.7
208,20101230214359,20.842,103.310,2.800,CCVB,19.057,104.856,255.41324562,3.5
209,20101230214359,20.842,103.310,2.800,BCVB,21.885,105.772,280.242904198,3.5
210,20101230214359,20.842,103.310,2.800,SPVB,22.394,103.842,180.456543352,3.5
211,20101230214359,20.842,103.310,2.800,MCVB,20.833,104.648,139.26557031,3.5
212,20101230214359,20.842,103.310,2.800,VTVB,22.252,104.899,226.858119431,3.5
213,20101230214359,20.842,103.310,2.800,TGVB,21.592,103.418,83.7934540585,3.5
214,20101230214359,20.842,103.310,2.800,HBVB,20.842,105.328,210.030899921,3.5
215,20101230214359,20.842,103.310,2.800,MLVB,22.042,103.154,133.84783763,3.5
216,20101230214359,20.842,103.310,2.800,THVB,19.845,105.784,280.916500272,3.5
217,20101230214359,20.842,103.310,2.800,TTVB,21.466,104.379,130.769546297,3.5
218,20101230214359,20.842,103.310,2.800,DBVB,21.390,103.018,67.8347858258,3.5
219,20110123154619,23.127,101.853,10.000,TGVB,21.592,103.418,234.251759459,4.1
220,20110123154619,23.127,101.853,10.000,SPVB,22.394,103.842,219.808893432,4.1
221,20110123154619,23.127,101.853,10.000,DBVB,21.390,103.018,226.747066705,4.1
222,20110123154619,23.127,101.853,10.000,MLVB,22.042,103.154,179.817096398,4.1
223,20110223155316,18.877,101.963,10.000,DBVB,21.390,103.018,299.270896867,4.4
224,20110507130155,20.774,103.105,16.100,TTVB,21.466,104.379,152.927734157,3.9
225,20110507130155,20.774,103.105,16.100,VTVB,22.252,104.899,247.646419192,3.9
226,20110507130155,20.774,103.105,16.100,SPVB,22.394,103.842,194.935548401,3.9
227,20110507130155,20.774,103.105,16.100,THVB,19.845,105.784,298.094319494,3.9
228,20110507130155,20.774,103.105,16.100,TGVB,21.592,103.418,96.2240315291,3.9
229,20110507130155,20.774,103.105,16.100,CCVB,19.057,104.856,264.078142881,3.9
230,20110507130155,20.774,103.105,16.100,MLVB,22.042,103.154,140.487900428,3.9
231,20110507130155,20.774,103.105,16.100,HBVB,20.842,105.328,231.541056322,3.9
232,20110507130155,20.774,103.105,16.100,DBVB,21.390,103.018,68.7989082418,3.9
233,20110521203116,22.881,103.699,10.000,TGVB,21.592,103.418,145.645224364,4.0
234,20110521203116,22.881,103.699,10.000,HBVB,20.842,105.328,281.639157737,4.0
235,20110521203116,22.881,103.699,10.000,MLVB,22.042,103.154,108.528046497,4.0
236,20110521203116,22.881,103.699,10.000,CBVB,22.660,106.271,265.259493849,4.0
237,20110521203116,22.881,103.699,10.000,VTVB,22.252,104.899,141.714504661,4.0
238,20110521203116,22.881,103.699,10.000,DBVB,21.390,103.018,179.426376078,4.0
239,20110521203116,22.881,103.699,10.000,DHVB,21.627,105.184,206.666108996,4.0
240,20110521203116,22.881,103.699,10.000,SPVB,22.394,103.842,55.8972974924,4.0
241,20110521203116,22.881,103.699,10.000,BCVB,21.885,105.772,240.285110524,4.0
242,20120508185044,22.423,102.244,8.100,VTVB,22.252,104.899,274.158568099,3.8
243,20120508185044,22.423,102.244,8.100,MLAV,22.042,103.154,102.864253831,3.8
244,20120508185044,22.423,102.244,8.100,TTVB,21.466,104.379,244.68194716,3.8
245,20120508185044,22.423,102.244,8.100,SPVB,22.394,103.842,164.566701377,3.8
246,20120508185044,22.423,102.244,8.100,TGVB,21.592,103.418,152.189927555,3.8
247,20121003031841,20.990,107.016,18.800,MCVB,20.833,104.648,246.956900107,4.5
248,20121003031841,20.990,107.016,18.800,VTVB,22.252,104.899,259.929070289,4.5
249,20121003031841,20.990,107.016,18.800,DHVB,21.627,105.184,202.740494522,4.5
250,20121003031841,20.990,107.016,18.800,BCVB,21.885,105.772,162.634296972,4.5
251,20121003031841,20.990,107.016,18.800,TTVB,21.466,104.379,278.774213808,4.5
252,20121003031841,20.990,107.016,18.800,BGVB,21.290,106.228,88.3345894309,4.5
253,20121003031841,20.990,107.016,18.800,MTVB,21.537,106.343,92.4487278795,4.5
254,20121003031841,20.990,107.016,18.800,LSVB,21.853,106.749,99.4822840751,4.5
255,20121003031841,20.990,107.016,18.800,HBVB,20.842,105.328,176.362028174,4.5
256,20121003031841,20.990,107.016,18.800,CBVB,22.660,106.271,200.314599798,4.5
257,20121107184204,21.005,106.916,20.900,VTVB,22.252,104.899,250.332427592,3.7
258,20121107184204,21.005,106.916,20.900,MCVB,20.833,104.648,236.697051399,3.7
259,20121107184204,21.005,106.916,20.900,CBVB,22.660,106.271,195.008744526,3.7
260,20121107184204,21.005,106.916,20.900,MTVB,21.537,106.343,83.7010671668,3.7
261,20121107184204,21.005,106.916,20.900,BCVB,21.885,105.772,153.479574067,3.7
262,20121107184204,21.005,106.916,20.900,HBVB,20.842,105.328,166.171094885,3.7
263,20121107184204,21.005,106.916,20.900,TTVB,21.466,104.379,268.253859186,3.7
264,20121107184204,21.005,106.916,20.900,DHVB,21.627,105.184,192.437999708,3.7
265,20121107184204,21.005,106.916,20.900,LSVB,21.853,106.749,95.4756093005,3.7
266,20121107184204,21.005,106.916,20.900,BGVB,21.290,106.228,78.1177376217,3.7
267,20130220050156,23.286,101.515,2.700,MLAV,22.042,103.154,217.601286766,4.2
268,20130220050156,23.286,101.515,2.700,TGVB,21.592,103.418,271.219499867,4.2
269,20130319014715,23.154,101.174,5.700,TGVB,21.592,103.418,288.658534615,3.7
270,20130319014715,23.154,101.174,5.700,MLAV,22.042,103.154,237.929318365,3.7
271,20131021151005,20.958,103.862,32.600,VR12,21.292,105.919,216.862847481,3.8
272,20131021151005,20.958,103.862,32.600,VR13,21.223,105.853,208.948641464,3.8
273,20131021151005,20.958,103.862,32.600,VR23,20.662,105.094,132.37316387,3.8
274,20131021151005,20.958,103.862,32.600,VR06,21.622,106.373,270.730579096,3.8
275,20131021151005,20.958,103.862,32.600,VR15,21.110,105.700,191.792919518,3.8
276,20131021151005,20.958,103.862,32.600,VR07,21.560,106.289,260.563563142,3.8
277,20131021151005,20.958,103.862,32.600,VR10,21.407,106.074,235.017144972,3.8
278,20131021151005,20.958,103.862,32.600,TGVB,21.592,103.418,83.9686260525,3.8
279,20131021151005,20.958,103.862,32.600,VR14,21.166,105.774,200.037894262,3.8
280,20131021151005,20.958,103.862,32.600,TTVB,21.466,104.379,77.7476897465,3.8
281,20131021151005,20.958,103.862,32.600,VR18,20.956,105.492,169.519657121,3.8
282,20131021151005,20.958,103.862,32.600,VR11,21.352,105.999,226.198570599,3.8
283,20131021151005,20.958,103.862,32.600,VR08,21.518,106.222,252.700112341,3.8
284,20131021151005,20.958,103.862,32.600,VR21,20.761,105.259,147.008566861,3.8
285,20131021151005,20.958,103.862,32.600,VR03,21.800,106.604,299.246446128,3.8
286,20131021151005,20.958,103.862,32.600,VR04,21.736,106.543,291.12496248,3.8
287,20131021151005,20.958,103.862,32.600,MLAV,22.042,103.154,140.668963053,3.8
288,20131021151005,20.958,103.862,32.600,PLVB,20.805,106.628,288.302900975,3.8
289,20131021151005,20.958,103.862,32.600,VR24,20.603,105.036,128.401560724,3.8
290,20131021151005,20.958,103.862,32.600,VR19,20.891,105.385,158.599375417,3.8
291,20131021151005,20.958,103.862,32.600,VR05,21.674,106.447,279.659881073,3.8
292,20131021151005,20.958,103.862,32.600,VR09,21.456,106.152,244.069061043,3.8
293,20131021151005,20.958,103.862,32.600,VR16,21.054,105.626,183.70323922,3.8
294,20131021151005,20.958,103.862,32.600,HBVB,20.842,105.328,153.061097578,3.8
295,20140128120157,22.576,101.201,21.100,TGVB,21.592,103.418,253.411721645,4.6
296,20140128120157,22.576,101.201,21.100,MLAV,22.042,103.154,209.736957899,4.6
297,20140128120221,21.661,102.850,0.000,VR19,20.891,105.385,276.541352309,3.6
298,20140128120221,21.661,102.850,0.000,VR21,20.761,105.259,269.225060652,3.6
299,20140128120221,21.661,102.850,0.000,VR25,20.519,104.973,254.257606845,3.6
300,20140128120221,21.661,102.850,0.000,VR18,20.956,105.492,285.013184451,3.6
301,20140128120221,21.661,102.850,0.000,VR23,20.662,105.094,257.967473679,3.6
302,20140128120221,21.661,102.850,0.000,HBVB,20.842,105.328,272.716100413,3.6
303,20140128120221,21.661,102.850,0.000,VR24,20.603,105.036,255.506891535,3.6
304,20140128120221,21.661,102.850,0.000,TGVB,21.592,103.418,59.2994326246,3.6
305,20140128120221,21.661,102.850,0.000,VR16,21.054,105.626,295.663231696,3.6
306,20140128120221,21.661,102.850,0.000,TTVB,21.466,104.379,159.830767177,3.6
307,20140128120221,21.661,102.850,0.000,MLAV,22.042,103.154,52.6047721255,3.6
308,20140501180850,21.608,101.051,10.000,MLAV,22.042,103.154,222.670722733,3.8
309,20140501180850,21.608,101.051,10.000,TGVB,21.592,103.418,245.105055155,3.8
310,20140626124410,21.249,102.872,0.300,HBVB,20.842,105.328,259.217363785,4.1
311,20140626124410,21.249,102.872,0.300,VR17,21.006,105.553,279.80017229,4.1
312,20140626124410,21.249,102.872,0.300,VR15,21.110,105.700,294.07431241,4.1
313,20140626124410,21.249,102.872,0.300,VR19,20.891,105.385,264.143163407,4.1
314,20140626124410,21.249,102.872,0.300,VR21,20.761,105.259,253.97922643,4.1
315,20140626124410,21.249,102.872,0.300,VR16,21.054,105.626,286.854420132,4.1
316,20140626124410,21.249,102.872,0.300,MLAV,22.042,103.154,92.5306266185,4.1
317,20140626124410,21.249,102.872,0.300,TGVB,21.592,103.418,68.1666154474,4.1
318,20140626124410,21.249,102.872,0.300,VR18,20.956,105.492,274.138747684,4.1
319,20140626124410,21.249,102.872,0.300,VR23,20.662,105.094,240.052343486,4.1
320,20140629045112,22.640,102.269,3.900,MLAV,22.042,103.154,112.677800103,3.9
321,20140629045112,22.640,102.269,3.900,TGVB,21.592,103.418,165.893655845,3.9
322,20140719121457,21.585,103.985,0.000,TGVB,21.592,103.418,58.722131067,4.7
323,20140719121457,21.585,103.985,0.000,VR09,21.456,106.152,224.965537615,4.7
324,20140719121457,21.585,103.985,0.000,VR17,21.006,105.553,174.875205149,4.7
325,20140719121457,21.585,103.985,0.000,VR08,21.518,106.222,231.833436681,4.7
326,20140719121457,21.585,103.985,0.000,VR06,21.622,106.373,247.301107254,4.7
327,20140719121457,21.585,103.985,0.000,VR05,21.674,106.447,255.074219477,4.7
328,20140719121457,21.585,103.985,0.000,HBVB,20.842,105.328,161.890317321,4.7
329,20140719121457,21.585,103.985,0.000,VR01,21.916,106.745,287.837908413,4.7
330,20140719121457,21.585,103.985,0.000,VR15,21.110,105.700,185.503193397,4.7
331,20140719121457,21.585,103.985,0.000,VR18,20.956,105.492,171.202799819,4.7
332,20140719121457,21.585,103.985,0.000,VR11,21.352,105.999,210.322590529,4.7
333,20140719121457,21.585,103.985,0.000,VR13,21.223,105.853,197.791408854,4.7
334,20140719121457,21.585,103.985,0.000,VR04,21.736,106.543,265.292949649,4.7
335,20140719121457,21.585,103.985,0.000,VR14,21.166,105.774,191.24456799,4.7
336,20140719121457,21.585,103.985,0.000,VR02,21.863,106.673,279.797052047,4.7
337,20140719121457,21.585,103.985,0.000,VR21,20.761,105.259,160.709378141,4.7
338,20140719121457,21.585,103.985,0.000,VR16,21.054,105.626,180.113886175,4.7
339,20140719121457,21.585,103.985,0.000,VR19,20.891,105.385,164.388719899,4.7
340,20140719121457,21.585,103.985,0.000,VR22,20.696,105.182,158.578488277,4.7
341,20140719121457,21.585,103.985,0.000,VR12,21.292,105.919,203.091877036,4.7
342,20140719121457,21.585,103.985,0.000,VR07,21.560,106.289,238.636340821,4.7
343,20140719121457,21.585,103.985,0.000,VR23,20.662,105.094,153.999685908,4.7
344,20140719121457,21.585,103.985,0.000,VR10,21.407,106.074,217.362163488,4.7
345,20140819235017,21.638,104.000,0.000,VR19,20.891,105.385,165.838379989,4.1
346,20140819235017,21.638,104.000,0.000,VR10,21.407,106.074,216.390376071,4.1
347,20140819235017,21.638,104.000,0.000,TGVB,21.592,103.418,60.4742707669,4.1
348,20140819235017,21.638,104.000,0.000,VR15,21.110,105.700,185.743814136,4.1
349,20140819235017,21.638,104.000,0.000,VR02,21.863,106.673,277.616375495,4.1
350,20140819235017,21.638,104.000,0.000,VR14,21.166,105.774,191.223352057,4.1
351,20140819235017,21.638,104.000,0.000,VR22,20.696,105.182,161.07884893,4.1
352,20140819235017,21.638,104.000,0.000,PLVB,20.805,106.628,287.99029744,4.1
353,20140819235017,21.638,104.000,0.000,VR12,21.292,105.919,202.549025664,4.1
354,20140819235017,21.638,104.000,0.000,VR25,20.519,104.973,159.913665376,4.1
355,20140819235017,21.638,104.000,0.000,VR05,21.674,106.447,253.316084306,4.1
356,20140819235017,21.638,104.000,0.000,VR04,21.736,106.543,263.388606879,4.1
357,20140819235017,21.638,104.000,0.000,VR16,21.054,105.626,180.631559869,4.1
358,20140819235017,21.638,104.000,0.000,VR17,21.006,105.553,175.655272386,4.1
359,20140819235017,21.638,104.000,0.000,VR01,21.916,106.745,285.555445971,4.1
360,20140819235017,21.638,104.000,0.000,VR11,21.352,105.999,209.548716548,4.1
361,20140819235017,21.638,104.000,0.000,VR06,21.622,106.373,245.675633291,4.1
362,20140819235017,21.638,104.000,0.000,VR24,20.603,105.036,157.209197413,4.1
363,20140819235017,21.638,104.000,0.000,VR08,21.518,106.222,230.50239715,4.1
364,20140819235017,21.638,104.000,0.000,VR13,21.223,105.853,197.516777079,4.1
365,20140819235017,21.638,104.000,0.000,VR18,20.956,105.492,172.247132987,4.1
366,20140819235017,21.638,104.000,0.000,VR09,21.456,106.152,223.826085771,4.1
367,20140819235017,21.638,104.000,0.000,VR03,21.800,106.604,270.01432771,4.1
368,20140819235017,21.638,104.000,0.000,VR07,21.560,106.289,237.180936521,4.1
369,20140819235017,21.638,104.000,0.000,VR23,20.662,105.094,156.80727819,4.1
370,20140819235017,21.638,104.000,0.000,HBVB,20.842,105.328,163.614643975,4.1
371,20140827104513,23.084,101.073,0.000,TGVB,21.592,103.418,292.655505553,4.3
372,20150220223747,23.139,101.760,11.400,MLAV,22.042,103.154,187.892924178,4.5
373,20150612083911,19.176,104.896,14.000,VR24,20.603,105.036,158.651913245,4.2
374,20150612083911,19.176,104.896,14.000,VR19,20.891,105.385,196.630497787,4.2
375,20150612083911,19.176,104.896,14.000,VR23,20.662,105.094,165.806124044,4.2
376,20150612083911,19.176,104.896,14.000,VR10,21.407,106.074,275.937313977,4.2
377,20150612083911,19.176,104.896,14.000,VR16,21.054,105.626,221.475180163,4.2
378,20150612083911,19.176,104.896,14.000,VR11,21.352,105.999,267.037325391,4.2
379,20150612083911,19.176,104.896,14.000,VIVB,16.650,105.697,292.172295989,4.2
380,20150612083911,19.176,104.896,14.000,PLVB,20.805,106.628,255.681785988,4.2
381,20150612083911,19.176,104.896,14.000,VR17,21.006,105.553,213.925505691,4.2
382,20150612083911,19.176,104.896,14.000,VR25,20.519,104.973,148.891968094,4.2
383,20150612083911,19.176,104.896,14.000,VR13,21.223,105.853,247.705135509,4.2
384,20150612083911,19.176,104.896,14.000,VR18,20.956,105.492,206.681030157,4.2
385,20150612083911,19.176,104.896,14.000,VR09,21.456,106.152,284.457924727,4.2
386,20150612083911,19.176,104.896,14.000,VR15,21.110,105.700,230.013889736,4.2
387,20150612083911,19.176,104.896,14.000,VR08,21.518,106.222,293.925378852,4.2
388,20150612083911,19.176,104.896,14.000,VR14,21.166,105.774,238.657025493,4.2
389,20150612083911,19.176,104.896,14.000,VR12,21.292,105.919,257.489520352,4.2
390,20150612083911,19.176,104.896,14.000,HBVB,20.842,105.328,189.892211622,4.2
391,20150629011227,20.298,102.362,8.600,VR25,20.519,104.973,273.614791007,4.0
392,20150629011227,20.298,102.362,8.600,TGVB,21.592,103.418,180.521215869,4.0
393,20150629011227,20.298,102.362,8.600,MLAV,22.042,103.154,209.880741727,4.0
394,20150629011227,20.298,102.362,8.600,VR24,20.603,105.036,281.053845846,4.0
395,20150629011227,20.298,102.362,8.600,VR23,20.662,105.094,287.850102036,4.0
396,20150701200034,22.935,103.614,8.800,VR24,20.603,105.036,297.156736715,3.9
397,20150701200034,22.935,103.614,8.800,VR15,21.110,105.700,295.323140936,3.9
398,20150701200034,22.935,103.614,8.800,VR16,21.054,105.626,294.184748309,3.9
399,20150701200034,22.935,103.614,8.800,VR21,20.761,105.259,294.717159588,3.9
400,20150701200034,22.935,103.614,8.800,HBVB,20.842,105.328,291.684636859,3.9
401,20150701200034,22.935,103.614,8.800,VR17,21.006,105.553,292.787846673,3.9
402,20150701200034,22.935,103.614,8.800,VR23,20.662,105.094,294.554338191,3.9
403,20150701200034,22.935,103.614,8.800,VR19,20.891,105.385,291.04066471,3.9
404,20150701200034,22.935,103.614,8.800,VR14,21.166,105.774,296.779162886,3.9
405,20150701200034,22.935,103.614,8.800,VR12,21.292,105.919,299.42506145,3.9
406,20150701200034,22.935,103.614,8.800,MLAV,22.042,103.154,109.633470556,3.9
407,20150701200034,22.935,103.614,8.800,VR18,20.956,105.492,292.65982989,3.9
408,20150701200034,22.935,103.614,8.800,TGVB,21.592,103.418,150.081359641,3.9
409,20150701200034,22.935,103.614,8.800,VR13,21.223,105.853,298.875708009,3.9
410,20150703103146,23.015,103.490,8.100,TGVB,21.592,103.418,157.74963579,3.6
411,20150703103146,23.015,103.490,8.100,MLAV,22.042,103.154,113.156126124,3.6
412,20150814021459,19.737,103.290,8.100,VR25,20.519,104.973,196.117621631,3.6
413,20150814021459,19.737,103.290,8.100,VR24,20.603,105.036,206.161602667,3.6
414,20150814021459,19.737,103.290,8.100,TGVB,21.592,103.418,205.804781512,3.6
415,20150814021459,19.737,103.290,8.100,MLAV,22.042,103.154,255.591633469,3.6
416,20150814021459,19.737,103.290,8.100,VR15,21.110,105.700,293.872919677,3.6
417,20150814021459,19.737,103.290,8.100,VR16,21.054,105.626,284.09811433,3.6
418,20150814021459,19.737,103.290,8.100,VR19,20.891,105.385,253.360270932,3.6
419,20150814021459,19.737,103.290,8.100,HBVB,20.842,105.328,245.51934179,3.6
420,20150814021459,19.737,103.290,8.100,VR23,20.662,105.094,214.555549891,3.6
421,20150814021459,19.737,103.290,8.100,VR17,21.006,105.553,274.863750125,3.6
422,20150814021459,19.737,103.290,8.100,VR21,20.761,105.259,234.886880895,3.6
423,20150913094345,22.976,103.579,8.100,MLAV,22.042,103.154,112.292241339,3.8
424,20150913094345,22.976,103.579,8.100,VR17,21.006,105.553,298.552415868,3.8
425,20150913094345,22.976,103.579,8.100,VR16,21.054,105.626,299.930499241,3.8
426,20150913094345,22.976,103.579,8.100,TGVB,21.592,103.418,154.151541845,3.8
427,20150913094345,22.976,103.579,8.100,HBVB,20.842,105.328,297.47225338,3.8
428,20150913094345,22.976,103.579,8.100,VR19,20.891,105.385,296.82778937,3.8
429,20150914204354,23.032,103.523,14.100,MLAV,22.042,103.154,116.015469036,3.5
430,20150914204354,23.032,103.523,14.100,TGVB,21.592,103.418,159.824303465,3.5
431,20150921150355,21.629,103.659,8.100,MLAV,22.042,103.154,69.403743804,3.7
432,20150921150355,21.629,103.659,8.100,VR16,21.054,105.626,213.740237285,3.7
433,20150921150355,21.629,103.659,8.100,VR25,20.519,104.973,183.707741756,3.7
434,20150921150355,21.629,103.659,8.100,VR17,21.006,105.553,208.253621494,3.7
435,20150921150355,21.629,103.659,8.100,HBVB,20.842,105.328,193.928936463,3.7
436,20150921150355,21.629,103.659,8.100,VR19,20.891,105.385,196.893587209,3.7
437,20150921150355,21.629,103.659,8.100,VR14,21.166,105.774,225.219396718,3.7
438,20150921150355,21.629,103.659,8.100,VR04,21.736,106.543,298.697085321,3.7
439,20150921150355,21.629,103.659,8.100,VR21,20.761,105.259,191.927435072,3.7
440,20150921150355,21.629,103.659,8.100,TGVB,21.592,103.418,25.2876278851,3.7
441,20150921150355,21.629,103.659,8.100,VR08,21.518,106.222,265.726282531,3.7
442,20150921150355,21.629,103.659,8.100,VR13,21.223,105.853,231.854650281,3.7
443,20150921150355,21.629,103.659,8.100,VR23,20.662,105.094,183.517526254,3.7
444,20150921150355,21.629,103.659,8.100,VR09,21.456,106.152,258.956615562,3.7
445,20150921150355,21.629,103.659,8.100,VR06,21.622,106.373,280.980835406,3.7
446,20150921150355,21.629,103.659,8.100,VR05,21.674,106.447,288.632101882,3.7
447,20150921150355,21.629,103.659,8.100,VR15,21.110,105.700,219.335905369,3.7
448,20150921150355,21.629,103.659,8.100,VR12,21.292,105.919,237.195642733,3.7
449,20150921150355,21.629,103.659,8.100,VR10,21.407,106.074,251.413792539,3.7
450,20151102184331,22.927,102.063,8.200,TGVB,21.592,103.418,203.367274369,4.0
451,20151102184331,22.927,102.063,8.200,MLAV,22.042,103.154,149.027035749,4.0
452,20151205215226,22.387,106.535,19.800,VR18,20.956,105.492,191.723767195,3.6
453,20151205215226,22.387,106.535,19.800,VR21,20.761,105.259,223.329819605,3.6
454,20151205215226,22.387,106.535,19.800,VR15,21.110,105.700,165.691461403,3.6
455,20151205215226,22.387,106.535,19.800,VR14,21.166,105.774,156.437310727,3.6
456,20151205215226,22.387,106.535,19.800,VR11,21.352,105.999,127.291040035,3.6
457,20151205215226,22.387,106.535,19.800,VR06,21.622,106.373,86.3445660583,3.6
458,20151205215226,22.387,106.535,19.800,VR13,21.223,105.853,146.917548818,3.6
459,20151205215226,22.387,106.535,19.800,VR03,21.800,106.604,65.3882532259,3.6
460,20151205215226,22.387,106.535,19.800,VR25,20.519,104.973,262.65773585,3.6
461,20151205215226,22.387,106.535,19.800,VR19,20.891,105.385,203.98516861,3.6
462,20151205215226,22.387,106.535,19.800,VR24,20.603,105.036,251.283592898,3.6
463,20151205215226,22.387,106.535,19.800,VR04,21.736,106.543,72.090683374,3.6
464,20151205215226,22.387,106.535,19.800,VR05,21.674,106.447,79.4719827425,3.6
465,20151205215226,22.387,106.535,19.800,VR22,20.696,105.182,233.878067125,3.6
466,20151205215226,22.387,106.535,19.800,HBVB,20.842,105.328,211.85247014,3.6
467,20151205215226,22.387,106.535,19.800,VR09,21.456,106.152,110.422584793,3.6
468,20151205215226,22.387,106.535,19.800,VR17,21.006,105.553,183.596757229,3.6
469,20151205215226,22.387,106.535,19.800,VR10,21.407,106.074,118.510206025,3.6
470,20151205215226,22.387,106.535,19.800,VR01,21.916,106.745,56.4745258511,3.6
471,20151205215226,22.387,106.535,19.800,VR16,21.054,105.626,175.013577479,3.6
472,20151205215226,22.387,106.535,19.800,VR12,21.292,105.919,136.952431314,3.6
473,20160121134815,21.152,102.727,11.300,VR19,20.891,105.385,277.817162279,4.0
474,20160121134815,21.152,102.727,11.300,VR18,20.956,105.492,288.189026526,4.0
475,20160121134815,21.152,102.727,11.300,VR25,20.519,104.973,244.047995565,4.0
476,20160121134815,21.152,102.727,11.300,VR24,20.603,105.036,247.829019855,4.0
477,20160121134815,21.152,102.727,11.300,VR21,20.761,105.259,266.860453242,4.0
478,20160121134815,21.152,102.727,11.300,VR17,21.006,105.553,294.106072585,4.0
479,20160121134815,21.152,102.727,11.300,TGVB,21.592,103.418,86.6550418312,4.0
480,20160121134815,21.152,102.727,11.300,MLAV,22.042,103.154,108.010097185,4.0
481,20160121134815,21.152,102.727,11.300,HBVB,20.842,105.328,272.598313589,4.0
482,20160305112022,21.790,101.344,23.700,TGVB,21.592,103.418,215.741641771,4.8
483,20160305112022,21.790,101.344,23.700,MLAV,22.042,103.154,189.083319554,4.8
484,20160307012439,22.630,101.994,8.100,MLAV,22.042,103.154,136.086528707,4.6
485,20160307012439,22.630,101.994,8.100,TGVB,21.592,103.418,186.544024194,4.6
486,20160504075147,23.426,103.285,0.100,TGVB,21.592,103.418,203.55259874,4.8
487,20160504075736,23.450,102.999,10.000,TGVB,21.592,103.418,210.216783675,4.3
488,20160504092354,23.496,103.100,0.000,TGVB,21.592,103.418,213.366635566,4.7
489,20160504221744,23.358,103.243,6.200,TGVB,21.592,103.418,196.388652376,3.8
490,20160516130625,22.086,102.175,10.000,TGVB,21.592,103.418,139.656244793,3.8
491,20160807095955,22.335,102.250,0.100,TGVB,21.592,103.418,146.022619983,3.5
492,20160922133414,23.290,101.510,15.500,MLAV,22.042,103.154,218.277580012,4.2
493,20161014152857,22.531,101.566,18.500,TGVB,21.592,103.418,217.603279886,3.9
494,20161014152857,22.531,101.566,18.500,MLAV,22.042,103.154,172.373367496,3.9
495,20161014222417,22.596,101.539,33.000,TGVB,21.592,103.418,223.507554172,3.9
496,20161014222417,22.596,101.539,33.000,MLAV,22.042,103.154,177.339879014,3.9
497,20161027101247,20.339,104.516,17.100,VR24,20.603,105.036,61.6246987326,3.9
498,20161027101247,20.339,104.516,17.100,VR17,21.006,105.553,130.87353963,3.9
499,20161027101247,20.339,104.516,17.100,PLVB,20.805,106.628,226.165934175,3.9
500,20161027101247,20.339,104.516,17.100,VR18,20.956,105.492,122.520392564,3.9
501,20161027101247,20.339,104.516,17.100,VR09,21.456,106.152,210.391304826,3.9
502,20161027101247,20.339,104.516,17.100,VR23,20.662,105.094,70.0993388585,3.9
503,20161027101247,20.339,104.516,17.100,VR11,21.352,105.999,190.788610143,3.9
504,20161027101247,20.339,104.516,17.100,VR07,21.560,106.289,228.64079173,3.9
505,20161027101247,20.339,104.516,17.100,HBVB,20.842,105.328,101.326449607,3.9
506,20161027101247,20.339,104.516,17.100,VR04,21.736,106.543,261.366241306,3.9
507,20161027101247,20.339,104.516,17.100,VR15,21.110,105.700,149.983701131,3.9
508,20161027101247,20.339,104.516,17.100,VR03,21.800,106.604,270.640116509,3.9
509,20161027101247,20.339,104.516,17.100,MLAV,22.042,103.154,235.695900513,3.9
510,20161027101247,20.339,104.516,17.100,VR02,21.863,106.673,280.522742963,3.9
511,20161027101247,20.339,104.516,17.100,VR05,21.674,106.447,249.294498337,3.9
512,20161027101247,20.339,104.516,17.100,VR08,21.518,106.222,220.292078247,3.9
513,20161027101247,20.339,104.516,17.100,VR13,21.223,105.853,170.169379977,3.9
514,20161027101247,20.339,104.516,17.100,VR22,20.696,105.182,79.9211964196,3.9
515,20161027101247,20.339,104.516,17.100,VR14,21.166,105.774,159.831741634,3.9
516,20161027101247,20.339,104.516,17.100,VR19,20.891,105.385,109.26765536,3.9
517,20161027101247,20.339,104.516,17.100,VR01,21.916,106.745,289.995214806,3.9
518,20161027101247,20.339,104.516,17.100,VR21,20.761,105.259,90.4751036327,3.9
519,20161027101247,20.339,104.516,17.100,VR25,20.519,104.973,51.6886490696,3.9
520,20161027101247,20.339,104.516,17.100,VR16,21.054,105.626,140.136806665,3.9
521,20161027101247,20.339,104.516,17.100,VR10,21.407,106.074,200.659085186,3.9
522,20161027101247,20.339,104.516,17.100,VR06,21.622,106.373,239.713005691,3.9
523,20161130141220,22.994,101.900,8.800,TGVB,21.592,103.418,220.386130425,3.7
524,20161130141220,22.994,101.900,8.800,MLAV,22.042,103.154,166.607419733,3.7
525,20161208164344,22.567,101.978,15.200,MLAV,22.042,103.154,134.398573129,3.9
526,20161208164344,22.567,101.978,15.200,TGVB,21.592,103.418,183.688132062,3.9
527,20170421144135,20.734,105.098,17.100,VR19,20.891,105.385,34.5651770282,3.7
528,20170421144135,20.734,105.098,17.100,HBVB,20.842,105.328,26.766059355,3.7
529,20170421144135,20.734,105.098,17.100,VR15,21.110,105.700,75.196825366,3.7
530,20170421144135,20.734,105.098,17.100,VR14,21.166,105.774,85.0337835552,3.7
531,20170421144135,20.734,105.098,17.100,VR10,21.407,106.074,125.855179726,3.7
532,20170421144135,20.734,105.098,17.100,MLAV,22.042,103.154,248.214021982,3.7
533,20170421144135,20.734,105.098,17.100,TGVB,21.592,103.418,198.661972465,3.7
534,20170421144135,20.734,105.098,17.100,VR04,21.736,106.543,186.567107125,3.7
535,20170421144135,20.734,105.098,17.100,VR06,21.622,106.373,164.914901419,3.7
536,20170421144135,20.734,105.098,17.100,VR17,21.006,105.553,56.1128657983,3.7
537,20170421144135,20.734,105.098,17.100,VR07,21.560,106.289,153.840177331,3.7
538,20170421144135,20.734,105.098,17.100,VR13,21.223,105.853,95.3665205868,3.7
539,20170421144135,20.734,105.098,17.100,VR21,20.761,105.259,17.0316038263,3.7
540,20170421144135,20.734,105.098,17.100,VR18,20.956,105.492,47.8083854361,3.7
541,20170421144135,20.734,105.098,17.100,VR03,21.800,106.604,195.854247902,3.7
542,20170421144135,20.734,105.098,17.100,VR09,21.456,106.152,135.58580215,3.7
543,20170421144135,20.734,105.098,17.100,VR02,21.863,106.673,205.748482781,3.7
544,20170421144135,20.734,105.098,17.100,VR11,21.352,105.999,115.982919004,3.7
545,20170421144135,20.734,105.098,17.100,VR23,20.662,105.094,7.98222974209,3.7
546,20170421144135,20.734,105.098,17.100,VR25,20.519,104.973,27.1353373772,3.7
547,20170421144135,20.734,105.098,17.100,VR24,20.603,105.036,15.8771239262,3.7
548,20170421144135,20.734,105.098,17.100,VR05,21.674,106.447,174.497170902,3.7
549,20170421144135,20.734,105.098,17.100,VR01,21.916,106.745,215.223123908,3.7
550,20170612153128,23.122,101.789,8.900,MLAV,22.042,103.154,184.408116981,3.8
551,20170612153128,23.122,101.789,8.900,TGVB,21.592,103.418,238.443658574,3.8
552,20170815051606,23.113,106.158,18.800,VR17,21.006,105.553,241.521951355,4.2
553,20170815051606,23.113,106.158,18.800,VR02,21.863,106.673,148.218904929,4.2
554,20170815051606,23.113,106.158,18.800,VR18,20.956,105.492,248.544056799,4.2
555,20170815051606,23.113,106.158,18.800,VR10,21.407,106.074,189.110241057,4.2
556,20170815051606,23.113,106.158,18.800,VR16,21.054,105.626,234.512508138,4.2
557,20170815051606,23.113,106.158,18.800,VR05,21.674,106.447,162.103526045,4.2
558,20170815051606,23.113,106.158,18.800,VR04,21.736,106.543,157.550573001,4.2
559,20170815051606,23.113,106.158,18.800,VR21,20.761,105.259,276.496890599,4.2
560,20170815051606,23.113,106.158,18.800,VR03,21.800,106.604,152.471399378,4.2
561,20170815051606,23.113,106.158,18.800,VR06,21.622,106.373,166.58453616,4.2
562,20170815051606,23.113,106.158,18.800,VR14,21.166,105.774,219.204277492,4.2
563,20170815051606,23.113,106.158,18.800,VR09,21.456,106.152,183.487590084,4.2
564,20171003111750,22.946,106.116,20.600,VR22,20.696,105.182,267.195012859,4.1
565,20171003111750,22.946,106.116,20.600,VR16,21.054,105.626,215.524629342,4.1
566,20171003111750,22.946,106.116,20.600,VR02,21.863,106.673,132.934600917,4.1
567,20171003111750,22.946,106.116,20.600,VR21,20.761,105.259,257.64668532,4.1
568,20171003111750,22.946,106.116,20.600,VR06,21.622,106.373,148.984918711,4.1
569,20171003111750,22.946,106.116,20.600,VR09,21.456,106.152,165.03398135,4.1
570,20171003111750,22.946,106.116,20.600,HBVB,20.842,105.328,246.792646606,4.1
571,20171003111750,22.946,106.116,20.600,VR25,20.519,104.973,293.5941893,4.1
572,20171003111750,22.946,106.116,20.600,VR19,20.891,105.385,239.753819477,4.1
573,20171003111750,22.946,106.116,20.600,VR12,21.292,105.919,184.274902805,4.1
574,20171003111750,22.946,106.116,20.600,VR11,21.352,105.999,176.919450354,4.1
575,20171003111750,22.946,106.116,20.600,VR10,21.407,106.074,170.472677351,4.1
576,20171003111750,22.946,106.116,20.600,VR04,21.736,106.543,141.024282531,4.1
577,20171003111750,22.946,106.116,20.600,VR14,21.166,105.774,200.23737537,4.1
578,20171003111750,22.946,106.116,20.600,VR23,20.662,105.094,274.089746776,4.1
579,20171003111750,22.946,106.116,20.600,VR24,20.603,105.036,282.453635536,4.1
580,20171003111750,22.946,106.116,20.600,VR17,21.006,105.553,222.545586418,4.1
581,20171003111750,22.946,106.116,20.600,VR01,21.916,106.745,131.157003553,4.1
582,20171003111750,22.946,106.116,20.600,VR07,21.560,106.289,154.509395953,4.1
583,20171003111750,22.946,106.116,20.600,VR03,21.800,106.604,136.492306034,4.1
584,20171008171034,23.152,106.265,0.000,VR14,21.166,105.774,225.670178318,3.5
585,20171008171034,23.152,106.265,0.000,HBVB,20.842,105.328,273.472777988,3.5
586,20171008171034,23.152,106.265,0.000,VR07,21.560,106.289,176.307702768,3.5
587,20171008171034,23.152,106.265,0.000,VR12,21.292,105.919,209.030058431,3.5
588,20171008171034,23.152,106.265,0.000,VR03,21.800,106.604,153.727022795,3.5
589,20171008171034,23.152,106.265,0.000,VR06,21.622,106.373,169.790051454,3.5
590,20171008171034,23.152,106.265,0.000,VR10,21.407,106.074,194.230945935,3.5
591,20171008171034,23.152,106.265,0.000,VR19,20.891,105.385,266.335364345,3.5
592,20171008171034,23.152,106.265,0.000,VR21,20.761,105.259,284.413102537,3.5
593,20171008171034,23.152,106.265,0.000,VR09,21.456,106.152,188.166191493,3.5
594,20171008171034,23.152,106.265,0.000,VR11,21.352,105.999,201.197589249,3.5
595,20171008171034,23.152,106.265,0.000,VR04,21.736,106.543,159.392374275,3.5
596,20171008171034,23.152,106.265,0.000,VR17,21.006,105.553,248.729747377,3.5
597,20171008171034,23.152,106.265,0.000,VR16,21.054,105.626,241.48972515,3.5
598,20171008171034,23.152,106.265,0.000,VR02,21.863,106.673,148.784886888,3.5
599,20171008171034,23.152,106.265,0.000,VR22,20.696,105.182,294.065544234,3.5
600,20171008171034,23.152,106.265,0.000,VR01,21.916,106.745,145.505674831,3.5
601,20171023044059,20.925,101.928,5.000,TGVB,21.592,103.418,171.374471943,3.9
602,20171023044059,20.925,101.928,5.000,MLAV,22.042,103.154,177.307117414,3.9
603,20180107201419,21.300,103.281,30.800,VR14,21.166,105.774,259.215997697,4.5
604,20180107201419,21.300,103.281,30.800,VR21,20.761,105.259,214.094528925,4.5
605,20180107201419,21.300,103.281,30.800,VR15,21.110,105.700,252.036253722,4.5
606,20180107201419,21.300,103.281,30.800,VR09,21.456,106.152,298.237347566,4.5
607,20180107201419,21.300,103.281,30.800,HBVB,20.842,105.328,218.684755759,4.5
608,20180107201419,21.300,103.281,30.800,VR24,20.603,105.036,198.167263801,4.5
609,20180107201419,21.300,103.281,30.800,VR23,20.662,105.094,201.318986918,4.5
610,20180107201419,21.300,103.281,30.800,VR25,20.519,104.973,196.112941451,4.5
611,20180107201419,21.300,103.281,30.800,VR12,21.292,105.919,273.727777004,4.5
612,20180107201419,21.300,103.281,30.800,VR11,21.352,105.999,282.028653856,4.5
613,20180107201419,21.300,103.281,30.800,VR17,21.006,105.553,238.211341431,4.5
614,20180107201419,21.300,103.281,30.800,VR10,21.407,106.074,289.938382703,4.5
615,20180107201419,21.300,103.281,30.800,VR16,21.054,105.626,245.037962849,4.5
616,20180107201419,21.300,103.281,30.800,VR19,20.891,105.385,223.252845386,4.5
617,20180107201419,21.300,103.281,30.800,VR22,20.696,105.182,208.654485304,4.5
618,20180107201419,21.300,103.281,30.800,VR18,20.956,105.492,232.816192793,4.5
619,20180107201419,21.300,103.281,30.800,VR13,21.223,105.853,267.076466516,4.5
620,20180108232123,21.398,103.273,0.200,VR16,21.054,105.626,247.220993693,4.7
621,20180108232123,21.398,103.273,0.200,VR15,21.110,105.700,253.914164154,4.7
622,20180108232123,21.398,103.273,0.200,VR11,21.352,105.999,282.751679804,4.7
623,20180108232123,21.398,103.273,0.200,VR19,20.891,105.385,226.439018226,4.7
624,20180108232123,21.398,103.273,0.200,VR13,21.223,105.853,268.382174765,4.7
625,20180108232123,21.398,103.273,0.200,VR23,20.662,105.094,206.084337102,4.7
626,20180108232123,21.398,103.273,0.200,VR22,20.696,105.182,213.094418917,4.7
627,20180108232123,21.398,103.273,0.200,HBVB,20.842,105.328,222.183539004,4.7
628,20180108232123,21.398,103.273,0.200,VR12,21.292,105.919,274.71608017,4.7
629,20180108232123,21.398,103.273,0.200,VR10,21.407,106.074,290.431066315,4.7
630,20180108232123,21.398,103.273,0.200,VR17,21.006,105.553,240.675196448,4.7
631,20180108232123,21.398,103.273,0.200,VR21,20.761,105.259,218.091387246,4.7
632,20180108232123,21.398,103.273,0.200,VR25,20.519,104.973,201.810994239,4.7
633,20180108232123,21.398,103.273,0.200,VR14,21.166,105.774,260.803536654,4.7
634,20180108232123,21.398,103.273,0.200,VR24,20.603,105.036,203.334730944,4.7
635,20180108232123,21.398,103.273,0.200,VR18,20.956,105.492,235.573755666,4.7
636,20180108232123,21.398,103.273,0.200,VR09,21.456,106.152,298.536061924,4.7
637,20180114063644,18.203,104.898,0.600,VR25,20.519,104.973,256.494224879,4.8
638,20180114063644,18.203,104.898,0.600,VR24,20.603,105.036,266.067983772,4.8
639,20180114063644,18.203,104.898,0.600,VR21,20.761,105.259,285.690041887,4.8
640,20180114063644,18.203,104.898,0.600,VR23,20.662,105.094,272.981915853,4.8
641,20180114063644,18.203,104.898,0.600,VIVB,16.650,105.697,191.694789284,4.8
642,20180114063644,18.203,104.898,0.600,VR22,20.696,105.182,277.575471854,4.8
643,20180114063644,18.203,104.898,0.600,HBVB,20.842,105.328,295.598357203,4.8
644,20180209124938,21.269,103.254,22.400,VR21,20.761,105.259,215.892579428,4.1
645,20180209124938,21.269,103.254,22.400,VR12,21.292,105.919,276.568581204,4.1
646,20180209124938,21.269,103.254,22.400,VR10,21.407,106.074,292.926148202,4.1
647,20180209124938,21.269,103.254,22.400,VR15,21.110,105.700,254.595960849,4.1
648,20180209124938,21.269,103.254,22.400,VR24,20.603,105.036,199.480285359,4.1
649,20180209124938,21.269,103.254,22.400,VR17,21.006,105.553,240.574751575,4.1
650,20180209124938,21.269,103.254,22.400,HBVB,20.842,105.328,220.676170651,4.1
651,20180209124938,21.269,103.254,22.400,VR14,21.166,105.774,261.869593716,4.1
652,20180209124938,21.269,103.254,22.400,VR22,20.696,105.182,210.274351044,4.1
653,20180209124938,21.269,103.254,22.400,VR13,21.223,105.853,269.818863074,4.1
654,20180209124938,21.269,103.254,22.400,VR16,21.054,105.626,247.496474396,4.1
655,20180209124938,21.269,103.254,22.400,VR23,20.662,105.094,202.805892311,4.1
656,20180209124938,21.269,103.254,22.400,VR11,21.352,105.999,284.948936568,4.1
657,20180209124938,21.269,103.254,22.400,VR19,20.891,105.385,225.360605503,4.1
658,20180209124938,21.269,103.254,22.400,VR25,20.519,104.973,197.184738391,4.1
659,20180209124938,21.269,103.254,22.400,VR18,20.956,105.492,235.07705132,4.1
660,20180504001903,22.356,101.329,10.500,MLAV,22.042,103.154,191.373037984,4.3
661,20180504001903,22.356,101.329,10.500,TGVB,21.592,103.418,231.74291174,4.3
662,20180608202018,23.228,102.339,0.000,MLAV,22.042,103.154,155.781093233,3.6
663,20180608202018,23.228,102.339,0.000,TGVB,21.592,103.418,212.51244554,3.6
664,20180907054301,22.533,102.346,13.100,TGVB,21.592,103.418,151.98632354,3.7
665,20180907054301,22.533,102.346,13.100,MLAV,22.042,103.154,99.4454343281,3.7
666,20180908023130,23.195,101.607,13.100,MLAV,22.042,103.154,203.951675251,5.8
667,20180908023130,23.195,101.607,13.100,TGVB,21.592,103.418,257.455379666,5.8
668,20181017230535,18.280,106.445,8.200,VR23,20.662,105.094,299.406359735,3.8
669,20181017230535,18.280,106.445,8.200,VR25,20.519,104.973,292.116027682,3.8
670,20181017230535,18.280,106.445,8.200,VIVB,16.650,105.697,197.11933618,3.8
671,20181017230535,18.280,106.445,8.200,VR22,20.696,105.182,298.503756732,3.8
672,20181017230535,18.280,106.445,8.200,HUVB,16.415,107.569,238.482634183,3.8
673,20181106101942,21.180,102.986,0.500,VR25,20.519,104.973,219.360176484,3.5
674,20181106101942,21.180,102.986,0.500,MLAV,22.042,103.154,97.0171487303,3.5
675,20181106101942,21.180,102.986,0.500,VR18,20.956,105.492,261.606946896,3.5
676,20181106101942,21.180,102.986,0.500,VR22,20.696,105.182,234.612098815,3.5
677,20181106101942,21.180,102.986,0.500,TGVB,21.592,103.418,63.9364359768,3.5
678,20181106101942,21.180,102.986,0.500,VR21,20.761,105.259,240.877707586,3.5
679,20181106101942,21.180,102.986,0.500,VR16,21.054,105.626,274.618729615,3.5
680,20181106101942,21.180,102.986,0.500,VR17,21.006,105.553,267.418143429,3.5
681,20181106101942,21.180,102.986,0.500,VR23,20.662,105.094,226.657786771,3.5
682,20181106101942,21.180,102.986,0.500,VR15,21.110,105.700,282.005313631,3.5
683,20181106101942,21.180,102.986,0.500,HBVB,20.842,105.328,246.337257847,3.5
684,20181227073006,22.692,102.137,13.300,MLAV,22.042,103.154,127.091185069,4.1
685,20181227073006,22.692,102.137,13.300,TGVB,21.592,103.418,179.717599638,4.1
686,20190106144632,23.310,101.054,4.500,MLAV,22.042,103.154,257.461562249,3.7
687,20190109141309,21.308,101.694,7.000,TGVB,21.592,103.418,181.446616679,3.5
688,20190109141309,21.308,101.694,7.000,MLAV,22.042,103.154,171.572187605,3.5
689,20190109152135,21.277,101.652,0.100,TGVB,21.592,103.418,186.366477937,3.5
690,20190109152135,21.277,101.652,0.100,MLAV,22.042,103.154,177.043282466,3.5
691,20190110090811,21.302,101.635,2.300,MLAV,22.042,103.154,177.28234608,3.8
692,20190110090811,21.302,101.635,2.300,TGVB,21.592,103.418,187.588934303,3.8
693,20190110120052,21.305,101.616,0.000,MLAV,22.042,103.154,178.87520627,4.3
694,20190110120052,21.305,101.616,0.000,TGVB,21.592,103.418,189.471760233,4.3
695,20190115182654,21.276,101.718,7.200,MLAV,22.042,103.154,171.13110519,3.7
696,20190115182654,21.276,101.718,7.200,TGVB,21.592,103.418,179.672163046,3.7
697,20190117053632,23.027,104.159,10.700,VR01,21.916,106.745,293.195539041,3.7
698,20190117053632,23.027,104.159,10.700,VR22,20.696,105.182,278.923538135,3.7
699,20190117053632,23.027,104.159,10.700,MTVB,21.537,106.343,279.0644816,3.7
700,20190117053632,23.027,104.159,10.700,VR09,21.456,106.152,269.199854851,3.7
701,20190117053632,23.027,104.159,10.700,VR10,21.407,106.074,266.758388507,3.7
702,20190117053632,23.027,104.159,10.700,VR12,21.292,105.919,264.314477275,3.7
703,20190117053632,23.027,104.159,10.700,TGVB,21.592,103.418,176.293389968,3.7
704,20190117053632,23.027,104.159,10.700,HBVB,20.842,105.328,270.405765141,3.7
705,20190117053632,23.027,104.159,10.700,VR25,20.519,104.973,290.182081022,3.7
706,20190117053632,23.027,104.159,10.700,VR18,20.956,105.492,267.460092713,3.7
707,20190117053632,23.027,104.159,10.700,VR14,21.166,105.774,265.019984045,3.7
708,20190117053632,23.027,104.159,10.700,VR03,21.800,106.604,286.056236355,3.7
709,20190117053632,23.027,104.159,10.700,VR05,21.674,106.447,279.261432001,3.7
710,20190117053632,23.027,104.159,10.700,MLAV,22.042,103.154,150.285457359,3.7
711,20190329060319,23.376,102.309,17.100,TGVB,21.592,103.418,228.146288767,3.6
712,20190404054728,20.261,104.603,7.900,VR12,21.292,105.919,178.33995099,3.8
713,20190404054728,20.261,104.603,7.900,VR22,20.696,105.182,77.253356536,3.8
714,20190404054728,20.261,104.603,7.900,HBVB,20.842,105.328,99.262147867,3.8
715,20190404054728,20.261,104.603,7.900,VR25,20.519,104.973,48.0373657469,3.8
716,20190404054728,20.261,104.603,7.900,VR05,21.674,106.447,247.47568618,3.8
717,20190404054728,20.261,104.603,7.900,TGVB,21.592,103.418,192.117518475,3.8
718,20190404054728,20.261,104.603,7.900,MTVB,21.537,106.343,229.625158388,3.8
719,20190404054728,20.261,104.603,7.900,VR18,20.956,105.492,120.448318274,3.8
720,20190404054728,20.261,104.603,7.900,VR10,21.407,106.074,198.845195686,3.8
721,20190404054728,20.261,104.603,7.900,VR09,21.456,106.152,208.539896132,3.8
722,20190404054728,20.261,104.603,7.900,VR01,21.916,106.745,288.287120987,3.8
723,20190521104929,21.403,103.292,9.000,VR18,20.956,105.492,233.756926532,4.0
724,20190521104929,21.403,103.292,9.000,HBVB,20.842,105.328,220.439614229,4.0
725,20190521104929,21.403,103.292,9.000,VR22,20.696,105.182,211.458159103,4.0
726,20190521104929,21.403,103.292,9.000,VR12,21.292,105.919,272.766861339,4.0
727,20190521104929,21.403,103.292,9.000,TGVB,21.592,103.418,24.665714969,4.0
728,20190521104929,21.403,103.292,9.000,VR10,21.407,106.074,288.454776151,4.0
729,20190521104929,21.403,103.292,9.000,VR09,21.456,106.152,296.550322347,4.0
730,20190622104230,21.354,103.220,17.000,VN07,22.136,103.162,86.7960212971,3.7
731,20190622104230,21.354,103.220,17.000,VN03,22.393,102.954,118.286070648,3.7
732,20190622104230,21.354,103.220,17.000,HBVB,20.842,105.328,226.240645334,3.7
733,20190622104230,21.354,103.220,17.000,VR18,20.956,105.492,240.052568487,3.7
734,20190622104230,21.354,103.220,17.000,VN05,22.292,102.834,111.265938497,3.7
735,20190622104230,21.354,103.220,17.000,MLAV,22.042,103.154,76.4851727098,3.7
736,20190622104230,21.354,103.220,17.000,VN08,22.175,103.715,104.332728028,3.7
737,20190622104230,21.354,103.220,17.000,TGVB,21.592,103.418,33.3995238446,3.7
738,20190622104230,21.354,103.220,17.000,VR22,20.696,105.182,216.573916907,3.7
739,20190622104230,21.354,103.220,17.000,VR12,21.292,105.919,280.088657229,3.7
740,20190622104230,21.354,103.220,17.000,VR10,21.407,106.074,296.027075453,3.7
741,20190622104230,21.354,103.220,17.000,VN04,22.358,103.495,114.747719098,3.7
742,20190714015136,21.980,103.478,7.700,VR25,20.519,104.973,224.153042727,3.5
743,20190714015136,21.980,103.478,7.700,VR18,20.956,105.492,237.537087087,3.5
744,20190714015136,21.980,103.478,7.700,VN07,22.136,103.162,36.9092952241,3.5
745,20190714015136,21.980,103.478,7.700,VR22,20.696,105.182,226.835755464,3.5
746,20190714015136,21.980,103.478,7.700,VN03,22.393,102.954,70.7926147961,3.5
747,20190714015136,21.980,103.478,7.700,VN01,22.565,102.515,118.519353838,3.5
748,20190714015136,21.980,103.478,7.700,HBVB,20.842,105.328,229.492637404,3.5
749,20190714015136,21.980,103.478,7.700,VN08,22.175,103.715,32.6270134651,3.5
750,20190714015136,21.980,103.478,7.700,VR12,21.292,105.919,263.929259699,3.5
751,20190714015136,21.980,103.478,7.700,VN15,21.254,103.481,80.387060464,3.5
752,20190714015136,21.980,103.478,7.700,MLAV,22.042,103.154,34.1515077052,3.5
753,20190714015136,21.980,103.478,7.700,VN09,21.931,103.422,7.93089172754,3.5
754,20190714015136,21.980,103.478,7.700,VN04,22.358,103.495,41.8936165973,3.5
755,20190714015136,21.980,103.478,7.700,VR10,21.407,106.074,276.026610524,3.5
756,20190714015136,21.980,103.478,7.700,VR09,21.456,106.152,282.67923431,3.5
757,20190714015136,21.980,103.478,7.700,VN14,20.924,103.587,117.468048792,3.5
758,20190714015136,21.980,103.478,7.700,VN05,22.292,102.834,74.8830814204,3.5
759,20190714151306,22.490,106.591,0.000,VR12,21.292,105.919,149.730444865,3.6
760,20190714151306,22.490,106.591,0.000,VR10,21.407,106.074,131.274117525,3.6
761,20190714151306,22.490,106.591,0.000,VR05,21.674,106.447,91.5707586129,3.6
762,20190714151306,22.490,106.591,0.000,VR01,21.916,106.745,65.514347966,3.6
763,20190714151306,22.490,106.591,0.000,VR22,20.696,105.182,246.463870315,3.6
764,20190714151306,22.490,106.591,0.000,VN08,22.175,103.715,298.325855657,3.6
765,20190714151306,22.490,106.591,0.000,VR09,21.456,106.152,123.145192958,3.6
766,20190714151306,22.490,106.591,0.000,HBVB,20.842,105.328,224.464504753,3.6
767,20190714151306,22.490,106.591,0.000,VR25,20.519,104.973,275.19112981,3.6
768,20190714151306,22.490,106.591,0.000,VR18,20.956,105.492,204.396757873,3.6
769,20190720225133,23.302,101.982,0.100,VN04,22.358,103.495,187.213354803,3.8
770,20190720225133,23.302,101.982,0.100,VN09,21.931,103.422,212.052075258,3.8
771,20190720225133,23.302,101.982,0.100,MLAV,22.042,103.154,184.323319746,3.8
772,20190720225133,23.302,101.982,0.100,VN07,22.136,103.162,177.108814,3.8
773,20190720225133,23.302,101.982,0.100,VN15,21.254,103.481,274.395350463,3.8
774,20190720225133,23.302,101.982,0.100,VN08,22.175,103.715,217.399366026,3.8
775,20190720225133,23.302,101.982,0.100,VN01,22.565,102.515,98.2360448698,3.8
776,20190720225133,23.302,101.982,0.100,VN05,22.292,102.834,141.994408395,3.8
777,20190720225133,23.302,101.982,0.100,TGVB,21.592,103.418,240.215866739,3.8
778,20190720225133,23.302,101.982,0.100,VN03,22.393,102.954,141.724095438,3.8
779,20190830222454,23.369,101.978,0.000,MLAV,22.042,103.154,190.24413417,4.3
780,20190830222454,23.369,101.978,0.000,VN04,22.358,103.495,191.757689909,4.3
781,20190830222454,23.369,101.978,0.000,VN15,21.254,103.481,280.765441937,4.3
782,20190830222454,23.369,101.978,0.000,VN03,22.393,102.954,147.349188385,4.3
783,20190830222454,23.369,101.978,0.000,VN09,21.931,103.422,217.681698426,4.3
784,20190830222454,23.369,101.978,0.000,TGVB,21.592,103.418,246.333095724,4.3
785,20190830222454,23.369,101.978,0.000,VN05,22.292,102.834,148.140281097,4.3
786,20190830222454,23.369,101.978,0.000,VN01,22.565,102.515,104.690668509,4.3
787,20190901091146,22.668,103.373,0.000,VN14,20.924,103.587,194.37262589,3.5
788,20190901091146,22.668,103.373,0.000,VN04,22.358,103.495,36.5514127319,3.5
789,20190901091146,22.668,103.373,0.000,VR25,20.519,104.973,289.941589553,3.5
790,20190901091146,22.668,103.373,0.000,VN08,22.175,103.715,64.9625705753,3.5
791,20190901091146,22.668,103.373,0.000,HBVB,20.842,105.328,285.951188209,3.5
792,20190901091146,22.668,103.373,0.000,VN09,21.931,103.422,81.7672528792,3.5
793,20190901091146,22.668,103.373,0.000,VN15,21.254,103.481,156.96878314,3.5
794,20190901091146,22.668,103.373,0.000,VN01,22.565,102.515,88.9451045897,3.5
795,20190901091146,22.668,103.373,0.000,VR18,20.956,105.492,289.71352626,3.5
796,20190901091146,22.668,103.373,0.000,VR22,20.696,105.182,287.613337689,3.5
797,20190901091146,22.668,103.373,0.000,VN05,22.292,102.834,69.3573243009,3.5
798,20190901091146,22.668,103.373,0.000,TGVB,21.592,103.418,119.238100463,3.5
799,20190901091146,22.668,103.373,0.000,VN07,22.136,103.162,62.790005798,3.5
800,20190901091146,22.668,103.373,0.000,VN03,22.393,102.954,52.776207647,3.5
801,20190901091146,22.668,103.373,0.000,MLAV,22.042,103.154,72.8980680242,3.5
802,20190922075546,22.209,101.753,13.600,VN08,22.175,103.715,202.360093243,3.9
803,20190922075546,22.209,101.753,13.600,VN01,22.565,102.515,87.8160286035,3.9
804,20190922075546,22.209,101.753,13.600,VN05,22.292,102.834,111.807424641,3.9
805,20190922075546,22.209,101.753,13.600,VN03,22.393,102.954,125.420101415,3.9
806,20191115110927,23.336,103.850,17.000,VN03,22.393,102.954,139.141560615,3.5
807,20191115110927,23.336,103.850,17.000,VN01,22.565,102.515,161.357049706,3.5
808,20191115110927,23.336,103.850,17.000,VN15,21.254,103.481,233.663074037,3.5
809,20191115110927,23.336,103.850,17.000,VN08,22.175,103.715,129.315314173,3.5
810,20191115110927,23.336,103.850,17.000,VN05,22.292,102.834,155.710166157,3.5
811,20191119004402,23.199,103.904,20.600,VN05,22.292,102.834,148.885537651,3.7
812,20191119004402,23.199,103.904,20.600,VN14,20.924,103.587,254.029129252,3.7
813,20191119004402,23.199,103.904,20.600,VN15,21.254,103.481,219.746694776,3.7
814,20191119004402,23.199,103.904,20.600,VN04,22.358,103.495,102.165138512,3.7
815,20191120083254,19.207,105.123,0.600,HBVB,20.842,105.328,182.268463164,4.1
816,20191120083254,19.207,105.123,0.600,VR25,20.519,104.973,146.089012282,4.1
817,20191120083254,19.207,105.123,0.600,VR09,21.456,106.152,271.177406332,4.1
818,20191120083254,19.207,105.123,0.600,VN14,20.924,103.587,248.883706797,4.1
819,20191120083254,19.207,105.123,0.600,VN15,21.254,103.481,284.236415554,4.1
820,20191120083254,19.207,105.123,0.600,VR22,20.696,105.182,164.953507747,4.1
821,20191125011820,22.911,106.679,10.000,VR01,21.916,106.745,110.391576272,5.0
822,20191125011820,22.911,106.679,10.000,VR22,20.696,105.182,290.018035529,5.0
823,20191125011820,22.911,106.679,10.000,VR03,21.800,106.604,123.269019016,5.0
824,20191125011820,22.911,106.679,10.000,HBVB,20.842,105.328,268.287828617,5.0
825,20191125011820,22.911,106.679,10.000,VR09,21.456,106.152,170.035279684,5.0
826,20191125011820,22.911,106.679,10.000,VR05,21.674,106.447,139.048848985,5.0
827,20191125035653,22.829,106.590,13.400,VR05,21.674,106.447,128.744006792,3.5
828,20191125035653,22.829,106.590,13.400,VR01,21.916,106.745,102.353861751,3.5
829,20191125035653,22.829,106.590,13.400,VR09,21.456,106.152,158.606913258,3.5
830,20191125035653,22.829,106.590,13.400,VR03,21.800,106.604,113.95499407,3.5
831,20191125035653,22.829,106.590,13.400,HBVB,20.842,105.328,255.785678296,3.5
832,20191125035653,22.829,106.590,13.400,VR22,20.696,105.182,277.46528559,3.5
833,20191127234952,22.833,106.620,13.300,HBVB,20.842,105.328,257.758948143,4.8
834,20191127234952,22.833,106.620,13.300,VR05,21.674,106.447,129.573290565,4.8
835,20191127234952,22.833,106.620,13.300,VR03,21.800,106.604,114.400708756,4.8
836,20191127234952,22.833,106.620,13.300,VR01,21.916,106.745,102.35710801,4.8
837,20191127234952,22.833,106.620,13.300,VR22,20.696,105.182,279.479976934,4.8
838,20200122212627,23.364,102.141,0.200,VN11,21.670,103.635,242.514094073,4.1
839,20200122212627,23.364,102.141,0.200,VN07,22.136,103.162,171.72530725,4.1
840,20200122212627,23.364,102.141,0.200,VN10,21.694,103.079,208.591188178,4.1
841,20200122212627,23.364,102.141,0.200,TGVB,21.592,103.418,236.163845031,4.1
842,20200122212627,23.364,102.141,0.200,VN15,21.254,103.481,271.389221168,4.1
843,20200122212627,23.364,102.141,0.200,VN04,22.358,103.495,178.100080299,4.1
844,20200122212627,23.364,102.141,0.200,VN03,22.393,102.954,136.096918624,4.1
845,20200122212627,23.364,102.141,0.200,MLAV,22.042,103.154,179.623316878,4.1
846,20200122212627,23.364,102.141,0.200,VN09,21.931,103.422,206.198325123,4.1
847,20200122212627,23.364,102.141,0.200,VN12,21.532,103.241,232.324763536,4.1
848,20200122212627,23.364,102.141,0.200,VN08,22.175,103.715,208.480331216,4.1
849,20200228181302,20.846,101.408,16.800,VN12,21.532,103.241,204.92929242,4.1
850,20200228181302,20.846,101.408,16.800,VN11,21.670,103.635,248.491269257,4.1
851,20200228181302,20.846,101.408,16.800,VN03,22.393,102.954,234.434291758,4.1
852,20200228181302,20.846,101.408,16.800,VN14,20.924,103.587,226.887226404,4.1
853,20200228181302,20.846,101.408,16.800,VN08,22.175,103.715,280.689257924,4.1
854,20200228181302,20.846,101.408,16.800,VN10,21.694,103.079,197.202967419,4.1
855,20200228181302,20.846,101.408,16.800,VN09,21.931,103.422,240.931080711,4.1
856,20200228181302,20.846,101.408,16.800,MLAV,22.042,103.154,224.257858,4.1
857,20200228181302,20.846,101.408,16.800,VN07,22.136,103.162,231.162367928,4.1
858,20200228181302,20.846,101.408,16.800,TGVB,21.592,103.418,224.423031995,4.1
859,20200228181302,20.846,101.408,16.800,VN04,22.358,103.495,273.357923488,4.1
860,20200228181302,20.846,101.408,16.800,VN15,21.254,103.481,220.141167923,4.1
861,20200616061227,22.491,102.634,10.000,VN15,21.254,103.481,162.554898211,4.9
862,20200616061227,22.491,102.634,10.000,VN07,22.136,103.162,67.1183318314,4.9
863,20200616061227,22.491,102.634,10.000,VN10,21.694,103.079,99.4854625182,4.9
864,20200616061227,22.491,102.634,10.000,VN01,22.565,102.515,14.7316713635,4.9
865,20200616061227,22.491,102.634,10.000,VN11,21.670,103.635,137.610796744,4.9
866,20200616061227,22.491,102.634,10.000,TGVB,21.592,103.418,128.295368631,4.9
867,20200616061227,22.491,102.634,10.000,VN04,22.358,103.495,89.8567212357,4.9
868,20200616061227,22.491,102.634,10.000,VN09,21.931,103.422,102.209204257,4.9
869,20200616061227,22.491,102.634,10.000,VN12,21.532,103.241,123.306304876,4.9
870,20200616061227,22.491,102.634,10.000,MLAV,22.042,103.154,73.1059067427,4.9
871,20200616061227,22.491,102.634,10.000,VN08,22.175,103.715,116.731618522,4.9
872,20200616061227,22.491,102.634,10.000,VN14,20.924,103.587,199.569537523,4.9
873,20200626193458,22.701,102.064,26.600,MLAV,22.042,103.154,133.893180017,3.8
874,20200626193458,22.701,102.064,26.600,TGVB,21.592,103.418,185.978041698,3.8
875,20200626193458,22.701,102.064,26.600,VN09,21.931,103.422,163.848936367,3.8
876,20200626193458,22.701,102.064,26.600,VN12,21.532,103.241,177.490837156,3.8
877,20200712052156,22.911,102.600,7.400,VN09,21.931,103.422,137.617592464,4.6
878,20200712052156,22.911,102.600,7.400,VN11,21.670,103.635,173.953008735,4.6
879,20200712052156,22.911,102.600,7.400,VN15,21.254,103.481,204.771665657,4.6
880,20200712052156,22.911,102.600,7.400,VN08,22.175,103.715,140.702050099,4.6
881,20200712052156,22.911,102.600,7.400,VN03,22.393,102.954,67.9292343299,4.6
882,20200712052156,22.911,102.600,7.400,VN10,21.694,103.079,143.51740895,4.6
883,20200712052156,22.911,102.600,7.400,VN04,22.358,103.495,110.51954811,4.6
884,20200712052156,22.911,102.600,7.400,MLAV,22.042,103.154,111.851585785,4.6
885,20200712052156,22.911,102.600,7.400,TGVB,21.592,103.418,168.647638895,4.6
886,20200712052156,22.911,102.600,7.400,VN14,20.924,103.587,242.500336718,4.6
887,20200712052156,22.911,102.600,7.400,VN12,21.532,103.241,166.387911393,4.6
888,20200712052156,22.911,102.600,7.400,VN01,22.565,102.515,39.298360513,4.6
889,20200727051448,20.929,104.708,7.100,VN03,22.393,102.954,243.381031667,5.0
890,20200727051448,20.929,104.708,7.100,VN15,21.254,103.481,132.473866728,5.0
891,20200727051448,20.929,104.708,7.100,MLAV,22.042,103.154,202.780544458,5.0
892,20200727051448,20.929,104.708,7.100,VN10,21.694,103.079,189.048126861,5.0
893,20200727051448,20.929,104.708,7.100,VN11,21.670,103.635,138.29931568,5.0
894,20200727051448,20.929,104.708,7.100,VN09,21.931,103.422,173.4412308,5.0
895,20200727051448,20.929,104.708,7.100,HBVB,20.842,105.328,65.225776779,5.0
896,20200727051448,20.929,104.708,7.100,VR03,21.800,106.604,219.016561358,5.0
897,20200727051448,20.929,104.708,7.100,VR10,21.407,106.074,151.413472758,5.0
898,20200727051448,20.929,104.708,7.100,TGVB,21.592,103.418,152.689935132,5.0
899,20200727051448,20.929,104.708,7.100,VN12,21.532,103.241,166.279811423,5.0
900,20200727051448,20.929,104.708,7.100,VN08,22.175,103.715,172.083765293,5.0
901,20200727051448,20.929,104.708,7.100,VN04,22.358,103.495,201.994226884,5.0
902,20200727051448,20.929,104.708,7.100,VN14,20.924,103.587,116.608858514,5.0
903,20200727051448,20.929,104.708,7.100,VR05,21.674,106.447,198.396937501,5.0
904,20200727051448,20.929,104.708,7.100,VN01,22.565,102.515,290.295516585,5.0
905,20200727051448,20.929,104.708,7.100,VR18,20.956,105.492,81.5986643717,5.0
906,20200727051448,20.929,104.708,7.100,VR25,20.519,104.973,53.1260140668,5.0
907,20200728012643,20.910,104.716,5.300,VN11,21.670,103.635,140.226349785,4.1
908,20200728012643,20.910,104.716,5.300,VR03,21.800,106.604,219.220655314,4.1
909,20200728012643,20.910,104.716,5.300,VN01,22.565,102.515,292.268442982,4.1
910,20200728012643,20.910,104.716,5.300,HBVB,20.842,105.328,64.1257278676,4.1
911,20200728012643,20.910,104.716,5.300,VN15,21.254,103.481,133.865133433,4.1
912,20200728012643,20.910,104.716,5.300,VN09,21.931,103.422,175.434230612,4.1
913,20200728012643,20.910,104.716,5.300,VR10,21.407,106.074,151.395565524,4.1
914,20200728012643,20.910,104.716,5.300,VR18,20.956,105.492,80.877412567,4.1
915,20200728012643,20.910,104.716,5.300,VR25,20.519,104.973,50.8979944836,4.1
916,20200728012643,20.910,104.716,5.300,VN14,20.924,103.587,117.457337723,4.1
917,20200728012643,20.910,104.716,5.300,VN10,21.694,103.079,190.748275782,4.1
918,20200728012643,20.910,104.716,5.300,VN04,22.358,103.495,204.162894786,4.1
919,20200728012643,20.910,104.716,5.300,TGVB,21.592,103.418,154.443561509,4.1
920,20200728012643,20.910,104.716,5.300,VR05,21.674,106.447,198.539834642,4.1
921,20200728012643,20.910,104.716,5.300,MLAV,22.042,103.154,204.728846975,4.1
922,20200728012643,20.910,104.716,5.300,VN03,22.393,102.954,245.410581794,4.1
923,20200728012643,20.910,104.716,5.300,VN12,21.532,103.241,167.901467435,4.1
924,20200728012643,20.910,104.716,5.300,VN08,22.175,103.715,174.27051109,4.1
925,20200728132817,20.925,104.716,6.100,VR10,21.407,106.074,150.793267088,3.5
926,20200728132817,20.925,104.716,6.100,VR25,20.519,104.973,52.3170742147,3.5
927,20200728132817,20.925,104.716,6.100,VN09,21.931,103.422,174.363481695,3.5
928,20200728132817,20.925,104.716,6.100,HBVB,20.842,105.328,64.3387156349,3.5
929,20200728132817,20.925,104.716,6.100,VN11,21.670,103.635,139.23155535,3.5
930,20200728132817,20.925,104.716,6.100,VN12,21.532,103.241,167.220105052,3.5
931,20200728132817,20.925,104.716,6.100,VN04,22.358,103.495,202.857308275,3.5
932,20200728132817,20.925,104.716,6.100,VN08,22.175,103.715,172.93539991,3.5
933,20200731223113,20.924,104.709,8.800,TGVB,21.592,103.418,153.049667159,3.7
934,20200731223113,20.924,104.709,8.800,VN14,20.924,103.587,116.713501023,3.7
935,20200731223113,20.924,104.709,8.800,MLAV,22.042,103.154,203.201769784,3.7
936,20200731223113,20.924,104.709,8.800,VN08,22.175,103.715,172.590706304,3.7
937,20200731223113,20.924,104.709,8.800,VR18,20.956,105.492,81.5182579351,3.7
938,20200731223113,20.924,104.709,8.800,VN03,22.393,102.954,243.829480109,3.7
939,20200731223113,20.924,104.709,8.800,VN09,21.931,103.422,173.87711558,3.7
940,20200731223113,20.924,104.709,8.800,VN01,22.565,102.515,290.725031583,3.7
941,20200731223113,20.924,104.709,8.800,VN15,21.254,103.481,132.727237178,3.7
942,20200731223113,20.924,104.709,8.800,VN11,21.670,103.635,138.713283196,3.7
943,20200731223113,20.924,104.709,8.800,VR10,21.407,106.074,151.512897539,3.7
944,20200731223113,20.924,104.709,8.800,VN12,21.532,103.241,166.600139742,3.7
945,20200731223113,20.924,104.709,8.800,HBVB,20.842,105.328,65.0443514564,3.7
946,20200817011309,20.907,104.749,6.900,VN14,20.924,103.587,120.895858844,4.4
947,20200817011309,20.907,104.749,6.900,VR25,20.519,104.973,48.8849439053,4.4
948,20200817011309,20.907,104.749,6.900,VN11,21.670,103.635,143.177000893,4.4
949,20200817011309,20.907,104.749,6.900,VN15,21.254,103.481,137.249862592,4.4
950,20200817011309,20.907,104.749,6.900,TGVB,21.592,103.418,157.601145765,4.4
951,20200817011309,20.907,104.749,6.900,VN04,22.358,103.495,206.554388784,4.4
952,20200817011309,20.907,104.749,6.900,VN12,21.532,103.241,171.167131722,4.4
953,20200817011309,20.907,104.749,6.900,VR10,21.407,106.074,148.332787119,4.4
954,20200817011309,20.907,104.749,6.900,MLAV,22.042,103.154,207.645677162,4.4
955,20200817011309,20.907,104.749,6.900,VR18,20.956,105.492,77.4753010987,4.4
956,20200817011309,20.907,104.749,6.900,VN01,22.565,102.515,295.143816436,4.4
957,20200817011309,20.907,104.749,6.900,VR03,21.800,106.604,216.322028967,4.4
958,20200817011309,20.907,104.749,6.900,VN08,22.175,103.715,176.590444336,4.4
959,20200817011309,20.907,104.749,6.900,VN03,22.393,102.954,248.181055142,4.4
960,20200817011309,20.907,104.749,6.900,VN10,21.694,103.079,193.953991658,4.4
